instance,reached_goal,optimal_plan,optimal_length,actual_plan,actual_length,total_nodes_expanded,total_edges_expanded
"instance-332","False","['unstack(d:default,b:default)', 'put-down(d:default)', 'unstack(b:default,a:default)', 'put-down(b:default)', 'unstack(a:default,c:default)', 'put-down(a:default)', 'pick-up(c:default)', 'stack(c:default,b:default)', 'pick-up(d:default)', 'stack(d:default,a:default)']","10","[]","0","20","30"
"instance-100","False","['unstack(a:default,c:default)', 'put-down(a:default)', 'unstack(c:default,d:default)', 'put-down(c:default)', 'unstack(d:default,b:default)', 'put-down(d:default)', 'pick-up(b:default)', 'stack(b:default,d:default)', 'pick-up(a:default)', 'stack(a:default,b:default)']","10","[]","0","31","48"
"instance-335","True","['unstack(b:default,d:default)', 'stack(b:default,c:default)', 'pick-up(d:default)', 'stack(d:default,b:default)']","4","['unstack(b:default,d:default)', 'stack(b:default,c:default)', 'pick-up(d:default)', 'stack(d:default,b:default)']","4","8","11"
"instance-138","True","['unstack(a:default,b:default)', 'put-down(a:default)', 'pick-up(c:default)', 'stack(c:default,b:default)', 'pick-up(d:default)', 'stack(d:default,c:default)', 'pick-up(a:default)', 'stack(a:default,d:default)']","8","['pick-up(c:default)', 'stack(c:default,d:default)', 'unstack(a:default,b:default)', 'put-down(a:default)', 'unstack(c:default,d:default)', 'stack(c:default,b:default)', 'pick-up(d:default)', 'stack(d:default,c:default)', 'pick-up(a:default)', 'stack(a:default,d:default)']","10","24","35"
"instance-109","True","['unstack(c:default,a:default)', 'put-down(c:default)', 'unstack(a:default,d:default)', 'put-down(a:default)', 'pick-up(b:default)', 'stack(b:default,a:default)', 'pick-up(d:default)', 'stack(d:default,b:default)']","8","['unstack(c:default,a:default)', 'put-down(c:default)', 'unstack(a:default,d:default)', 'put-down(a:default)', 'pick-up(b:default)', 'stack(b:default,a:default)', 'pick-up(d:default)', 'stack(d:default,b:default)']","8","20","28"
"instance-162","True","['unstack(b:default,c:default)', 'stack(b:default,a:default)', 'pick-up(c:default)', 'stack(c:default,b:default)']","4","['unstack(b:default,c:default)', 'stack(b:default,a:default)', 'pick-up(c:default)', 'stack(c:default,b:default)']","4","9","13"
"instance-350","True","['unstack(b:default,d:default)', 'put-down(b:default)', 'pick-up(d:default)', 'stack(d:default,c:default)']","4","['unstack(b:default,d:default)', 'put-down(b:default)', 'pick-up(d:default)', 'stack(d:default,c:default)']","4","12","14"
"instance-196","True","['unstack(b:default,d:default)', 'put-down(b:default)', 'unstack(d:default,c:default)', 'put-down(d:default)', 'pick-up(a:default)', 'stack(a:default,d:default)', 'pick-up(c:default)', 'stack(c:default,a:default)']","8","['unstack(b:default,d:default)', 'put-down(b:default)', 'unstack(d:default,c:default)', 'put-down(d:default)', 'pick-up(a:default)', 'stack(a:default,d:default)', 'pick-up(c:default)', 'stack(c:default,a:default)']","8","18","25"
"instance-198","True","['unstack(a:default,b:default)', 'put-down(a:default)', 'pick-up(d:default)', 'stack(d:default,b:default)']","4","['unstack(a:default,b:default)', 'put-down(a:default)', 'pick-up(d:default)', 'stack(d:default,b:default)']","4","11","14"
"instance-395","True","['unstack(a:default,d:default)', 'stack(a:default,c:default)', 'unstack(d:default,b:default)', 'stack(d:default,a:default)', 'pick-up(b:default)', 'stack(b:default,d:default)']","6","['unstack(a:default,d:default)', 'stack(a:default,c:default)', 'unstack(d:default,b:default)', 'stack(d:default,a:default)', 'pick-up(b:default)', 'stack(b:default,d:default)']","6","12","18"
"instance-361","True","['unstack(c:default,d:default)', 'put-down(c:default)', 'unstack(d:default,b:default)', 'stack(d:default,c:default)', 'unstack(b:default,a:default)', 'put-down(b:default)', 'unstack(d:default,c:default)', 'stack(d:default,b:default)', 'pick-up(a:default)', 'stack(a:default,c:default)']","10","['unstack(c:default,d:default)', 'put-down(c:default)', 'unstack(d:default,b:default)', 'put-down(d:default)', 'unstack(b:default,a:default)', 'put-down(b:default)', 'pick-up(a:default)', 'stack(a:default,c:default)', 'pick-up(d:default)', 'stack(d:default,b:default)']","10","19","29"
"instance-153","True","['unstack(c:default,d:default)', 'put-down(c:default)', 'unstack(d:default,b:default)', 'put-down(d:default)', 'pick-up(a:default)', 'stack(a:default,d:default)', 'pick-up(b:default)', 'stack(b:default,c:default)']","8","['unstack(c:default,d:default)', 'put-down(c:default)', 'unstack(d:default,b:default)', 'put-down(d:default)', 'pick-up(a:default)', 'stack(a:default,d:default)', 'pick-up(b:default)', 'stack(b:default,c:default)']","8","20","28"
"instance-359","True","['unstack(c:default,b:default)', 'stack(c:default,a:default)', 'unstack(b:default,d:default)', 'put-down(b:default)', 'unstack(c:default,a:default)', 'stack(c:default,d:default)', 'pick-up(a:default)', 'stack(a:default,c:default)']","8","['unstack(c:default,b:default)', 'put-down(c:default)', 'unstack(b:default,d:default)', 'put-down(b:default)', 'pick-up(c:default)', 'stack(c:default,d:default)', 'pick-up(a:default)', 'stack(a:default,c:default)']","8","29","44"
"instance-392","False","['unstack(d:default,b:default)', 'stack(d:default,c:default)', 'unstack(b:default,a:default)', 'put-down(b:default)', 'unstack(d:default,c:default)', 'stack(d:default,a:default)', 'pick-up(b:default)', 'stack(b:default,d:default)']","8","[]","0","8","11"
"instance-108","False","['unstack(a:default,b:default)', 'put-down(a:default)', 'unstack(b:default,d:default)', 'put-down(b:default)', 'pick-up(d:default)', 'stack(d:default,c:default)', 'pick-up(a:default)', 'stack(a:default,d:default)', 'pick-up(b:default)', 'stack(b:default,a:default)']","10","[]","0","25","37"
"3_instance-6","False","['unstack(a:default,c:default)', 'put-down(a:default)', 'unstack(c:default,b:default)', 'stack(c:default,a:default)', 'pick-up(b:default)', 'stack(b:default,c:default)']","6","[]","0","8","12"
"instance-302","False","['unstack(d:default,a:default)', 'put-down(d:default)', 'unstack(a:default,b:default)', 'put-down(a:default)', 'pick-up(c:default)', 'stack(c:default,a:default)', 'pick-up(b:default)', 'stack(b:default,c:default)', 'pick-up(d:default)', 'stack(d:default,b:default)']","10","[]","0","6","7"
"instance-130","True","['unstack(c:default,d:default)', 'put-down(c:default)', 'unstack(b:default,a:default)', 'stack(b:default,c:default)', 'pick-up(d:default)', 'stack(d:default,a:default)']","6","['unstack(c:default,d:default)', 'put-down(c:default)', 'unstack(b:default,a:default)', 'stack(b:default,c:default)', 'pick-up(d:default)', 'stack(d:default,a:default)']","6","16","22"
"instance-333","False","['unstack(d:default,b:default)', 'stack(d:default,a:default)', 'pick-up(b:default)', 'stack(b:default,c:default)', 'unstack(d:default,a:default)', 'stack(d:default,b:default)', 'pick-up(a:default)', 'stack(a:default,d:default)']","8","[]","0","15","21"
"instance-358","False","['unstack(a:default,d:default)', 'put-down(a:default)', 'unstack(d:default,c:default)', 'put-down(d:default)', 'unstack(c:default,b:default)', 'put-down(c:default)', 'pick-up(a:default)', 'stack(a:default,c:default)', 'pick-up(b:default)', 'stack(b:default,a:default)']","10","[]","0","30","43"
"instance-367","True","['unstack(c:default,a:default)', 'put-down(c:default)', 'unstack(a:default,d:default)', 'put-down(a:default)', 'unstack(d:default,b:default)', 'put-down(d:default)', 'pick-up(b:default)', 'stack(b:default,c:default)', 'pick-up(a:default)', 'stack(a:default,b:default)']","10","['unstack(c:default,a:default)', 'put-down(c:default)', 'unstack(a:default,d:default)', 'put-down(a:default)', 'unstack(d:default,b:default)', 'put-down(d:default)', 'pick-up(b:default)', 'stack(b:default,c:default)', 'pick-up(a:default)', 'stack(a:default,b:default)']","10","22","31"
"instance-199","True","['unstack(b:default,d:default)', 'put-down(b:default)', 'unstack(d:default,a:default)', 'stack(d:default,b:default)', 'unstack(a:default,c:default)', 'put-down(a:default)', 'unstack(d:default,b:default)', 'stack(d:default,c:default)']","8","['unstack(b:default,d:default)', 'put-down(b:default)', 'unstack(d:default,a:default)', 'put-down(d:default)', 'unstack(a:default,c:default)', 'put-down(a:default)', 'pick-up(d:default)', 'stack(d:default,c:default)']","8","13","19"
"instance-360","True","['unstack(a:default,b:default)', 'put-down(a:default)', 'unstack(d:default,c:default)', 'put-down(d:default)', 'pick-up(b:default)', 'stack(b:default,d:default)', 'pick-up(c:default)', 'stack(c:default,a:default)']","8","['unstack(a:default,b:default)', 'put-down(a:default)', 'unstack(d:default,c:default)', 'put-down(d:default)', 'pick-up(c:default)', 'stack(c:default,a:default)', 'pick-up(b:default)', 'stack(b:default,d:default)']","8","34","56"
"instance-394","True","['unstack(c:default,b:default)', 'put-down(c:default)', 'pick-up(b:default)', 'stack(b:default,a:default)', 'pick-up(d:default)', 'stack(d:default,b:default)']","6","['unstack(c:default,b:default)', 'put-down(c:default)', 'pick-up(b:default)', 'stack(b:default,a:default)', 'pick-up(d:default)', 'stack(d:default,b:default)']","6","16","21"
"instance-369","True","['unstack(a:default,d:default)', 'put-down(a:default)', 'unstack(d:default,b:default)', 'put-down(d:default)', 'unstack(b:default,c:default)', 'stack(b:default,a:default)', 'pick-up(c:default)', 'stack(c:default,b:default)']","8","['unstack(a:default,d:default)', 'put-down(a:default)', 'unstack(d:default,b:default)', 'put-down(d:default)', 'unstack(b:default,c:default)', 'stack(b:default,a:default)', 'pick-up(c:default)', 'stack(c:default,b:default)']","8","16","23"
"instance-351","False","['unstack(c:default,a:default)', 'put-down(c:default)', 'unstack(a:default,b:default)', 'put-down(a:default)', 'pick-up(d:default)', 'stack(d:default,a:default)', 'pick-up(c:default)', 'stack(c:default,d:default)', 'pick-up(b:default)', 'stack(b:default,c:default)']","10","[]","0","27","38"
"instance-163","False","['unstack(c:default,a:default)', 'put-down(c:default)', 'unstack(a:default,d:default)', 'put-down(a:default)', 'pick-up(c:default)', 'stack(c:default,d:default)']","6","[]","0","37","62"
"instance-475","False","['pick-up(d:default)', 'stack(d:default,a:default)', 'pick-up(c:default)', 'stack(c:default,d:default)', 'unstack(e:default,b:default)', 'stack(e:default,c:default)', 'pick-up(b:default)', 'stack(b:default,e:default)']","8","[]","0","44","68"
"instance-223","True","['pick-up(a:default)', 'stack(a:default,d:default)']","2","['pick-up(a:default)', 'stack(a:default,d:default)']","2","5","6"
"instance-481","False","['unstack(d:default,a:default)', 'stack(d:default,e:default)', 'unstack(a:default,b:default)', 'stack(a:default,d:default)', 'unstack(b:default,c:default)', 'put-down(b:default)', 'unstack(a:default,d:default)', 'stack(a:default,c:default)', 'unstack(d:default,e:default)', 'stack(d:default,a:default)', 'pick-up(e:default)', 'stack(e:default,b:default)']","12","[]","0","5","7"
"3_instance-18","False","['unstack(c:default,b:default)', 'put-down(c:default)', 'unstack(b:default,a:default)', 'put-down(b:default)', 'pick-up(c:default)', 'stack(c:default,b:default)', 'pick-up(a:default)', 'stack(a:default,c:default)']","8","[]","0","4","5"
"3_instance-27","False","['unstack(b:default,c:default)', 'put-down(b:default)', 'unstack(c:default,a:default)', 'stack(c:default,b:default)', 'pick-up(a:default)', 'stack(a:default,c:default)']","6","[]","0","14","23"
"instance-486","False","['unstack(d:default,a:default)', 'stack(d:default,c:default)', 'unstack(a:default,e:default)', 'put-down(a:default)', 'unstack(d:default,c:default)', 'stack(d:default,a:default)', 'unstack(c:default,b:default)', 'stack(c:default,d:default)', 'pick-up(b:default)', 'stack(b:default,e:default)']","10","[]","0","10","14"
"instance-472","False","['unstack(a:default,c:default)', 'stack(a:default,b:default)', 'unstack(c:default,e:default)', 'stack(c:default,a:default)', 'unstack(e:default,d:default)', 'put-down(e:default)', 'unstack(c:default,a:default)', 'stack(c:default,e:default)', 'pick-up(d:default)', 'stack(d:default,a:default)']","10","[]","0","8","11"
"instance-72","True","['unstack(a:default,d:default)', 'put-down(a:default)', 'pick-up(d:default)', 'stack(d:default,b:default)']","4","['unstack(a:default,d:default)', 'put-down(a:default)', 'pick-up(d:default)', 'stack(d:default,b:default)']","4","9","12"
"instance-444","True","['unstack(c:default,d:default)', 'put-down(c:default)', 'pick-up(b:default)', 'stack(b:default,d:default)']","4","['unstack(c:default,d:default)', 'put-down(c:default)', 'pick-up(b:default)', 'stack(b:default,d:default)']","4","10","13"
"instance-44","False","['unstack(a:default,c:default)', 'put-down(a:default)', 'unstack(c:default,b:default)', 'put-down(c:default)', 'unstack(b:default,d:default)', 'stack(b:default,c:default)', 'pick-up(a:default)', 'stack(a:default,d:default)', 'unstack(b:default,c:default)', 'stack(b:default,a:default)']","10","[]","0","31","50"
"instance-443","True","['unstack(b:default,a:default)', 'put-down(b:default)', 'unstack(d:default,c:default)', 'put-down(d:default)', 'pick-up(a:default)', 'stack(a:default,d:default)', 'pick-up(c:default)', 'stack(c:default,b:default)']","8","['unstack(b:default,a:default)', 'put-down(b:default)', 'unstack(d:default,c:default)', 'put-down(d:default)', 'pick-up(a:default)', 'stack(a:default,d:default)', 'pick-up(c:default)', 'stack(c:default,b:default)']","8","21","27"
"instance-88","True","['unstack(d:default,b:default)', 'stack(d:default,a:default)', 'unstack(b:default,c:default)', 'put-down(b:default)', 'unstack(d:default,a:default)', 'stack(d:default,c:default)', 'pick-up(a:default)', 'stack(a:default,b:default)']","8","['unstack(d:default,b:default)', 'stack(d:default,a:default)', 'unstack(b:default,c:default)', 'put-down(b:default)', 'unstack(d:default,a:default)', 'stack(d:default,c:default)', 'pick-up(a:default)', 'stack(a:default,b:default)']","8","18","25"
"instance-43","True","['unstack(d:default,a:default)', 'put-down(d:default)', 'unstack(a:default,b:default)', 'stack(a:default,d:default)', 'pick-up(c:default)', 'stack(c:default,b:default)', 'unstack(a:default,d:default)', 'stack(a:default,c:default)']","8","['unstack(d:default,a:default)', 'put-down(d:default)', 'unstack(a:default,b:default)', 'put-down(a:default)', 'pick-up(c:default)', 'stack(c:default,b:default)', 'pick-up(a:default)', 'stack(a:default,c:default)']","8","24","35"
"instance-428","True","['pick-up(d:default)', 'stack(d:default,b:default)']","2","['unstack(b:default,a:default)', 'put-down(b:default)', 'unstack(a:default,c:default)', 'put-down(a:default)', 'pick-up(b:default)', 'stack(b:default,a:default)', 'pick-up(d:default)', 'stack(d:default,b:default)']","8","22","32"
"instance-17","False","['unstack(a:default,d:default)', 'put-down(a:default)', 'unstack(d:default,c:default)', 'put-down(d:default)', 'pick-up(c:default)', 'stack(c:default,d:default)', 'pick-up(b:default)', 'stack(b:default,c:default)']","8","[]","0","29","43"
"instance-28","False","['unstack(a:default,b:default)', 'put-down(a:default)', 'pick-up(c:default)', 'stack(c:default,a:default)', 'unstack(b:default,d:default)', 'put-down(b:default)', 'pick-up(d:default)', 'stack(d:default,c:default)', 'pick-up(b:default)', 'stack(b:default,d:default)']","10","[]","0","15","24"
"instance-417","True","['unstack(b:default,c:default)', 'put-down(b:default)', 'unstack(c:default,a:default)', 'put-down(c:default)', 'unstack(a:default,d:default)', 'put-down(a:default)', 'pick-up(d:default)', 'stack(d:default,c:default)']","8","['unstack(b:default,c:default)', 'put-down(b:default)', 'unstack(c:default,a:default)', 'put-down(c:default)', 'unstack(a:default,d:default)', 'put-down(a:default)', 'pick-up(d:default)', 'stack(d:default,c:default)']","8","14","20"
"3_instance-42","True","['unstack(a:default,b:default)', 'put-down(a:default)', 'pick-up(c:default)', 'stack(c:default,b:default)']","4","['unstack(a:default,b:default)', 'put-down(a:default)', 'pick-up(c:default)', 'stack(c:default,b:default)']","4","9","12"
"instance-279","False","['unstack(c:default,d:default)', 'put-down(c:default)', 'unstack(a:default,b:default)', 'put-down(a:default)', 'pick-up(b:default)', 'stack(b:default,c:default)', 'pick-up(d:default)', 'stack(d:default,b:default)', 'pick-up(a:default)', 'stack(a:default,d:default)']","10","[]","0","8","12"
"instance-410","False","['unstack(c:default,d:default)', 'put-down(c:default)', 'pick-up(d:default)', 'stack(d:default,b:default)', 'pick-up(c:default)', 'stack(c:default,d:default)']","6","[]","0","5","6"
"instance-246","False","['unstack(c:default,a:default)', 'put-down(c:default)', 'unstack(a:default,b:default)', 'stack(a:default,c:default)', 'pick-up(b:default)', 'stack(b:default,d:default)', 'unstack(a:default,c:default)', 'stack(a:default,b:default)', 'pick-up(c:default)', 'stack(c:default,a:default)']","10","[]","0","5","7"
"instance-419","False","['unstack(c:default,a:default)', 'put-down(c:default)', 'unstack(a:default,d:default)', 'stack(a:default,b:default)', 'pick-up(d:default)', 'stack(d:default,a:default)', 'pick-up(c:default)', 'stack(c:default,d:default)']","8","[]","0","6","7"
"instance-270","False","['unstack(a:default,c:default)', 'put-down(a:default)', 'unstack(c:default,d:default)', 'put-down(c:default)', 'unstack(d:default,b:default)', 'stack(d:default,c:default)', 'pick-up(a:default)', 'stack(a:default,b:default)', 'unstack(d:default,c:default)', 'stack(d:default,a:default)', 'pick-up(c:default)', 'stack(c:default,d:default)']","12","[]","0","18","30"
"instance-426","True","['unstack(c:default,b:default)', 'stack(c:default,a:default)']","2","['unstack(c:default,b:default)', 'stack(c:default,a:default)']","2","6","6"
"instance-21","True","['pick-up(b:default)', 'stack(b:default,d:default)']","2","['pick-up(b:default)', 'stack(b:default,d:default)']","2","5","6"
"instance-248","False","['pick-up(b:default)', 'stack(b:default,d:default)', 'pick-up(a:default)', 'stack(a:default,b:default)', 'pick-up(c:default)', 'stack(c:default,a:default)']","6","[]","0","22","36"
"instance-421","False","['unstack(b:default,d:default)', 'put-down(b:default)', 'unstack(d:default,a:default)', 'stack(d:default,b:default)', 'pick-up(a:default)', 'stack(a:default,d:default)', 'pick-up(c:default)', 'stack(c:default,a:default)']","8","[]","0","24","36"
"instance-283","False","['unstack(a:default,b:default)', 'put-down(a:default)', 'unstack(b:default,c:default)', 'put-down(b:default)', 'unstack(c:default,d:default)', 'stack(c:default,a:default)', 'pick-up(b:default)', 'stack(b:default,c:default)', 'pick-up(d:default)', 'stack(d:default,b:default)']","10","[]","0","25","40"
"instance-89","True","['unstack(a:default,d:default)', 'put-down(a:default)', 'unstack(b:default,c:default)', 'stack(b:default,a:default)', 'pick-up(d:default)', 'stack(d:default,c:default)']","6","['unstack(a:default,d:default)', 'put-down(a:default)', 'unstack(b:default,c:default)', 'stack(b:default,a:default)', 'pick-up(d:default)', 'stack(d:default,c:default)']","6","16","22"
"instance-214","False","['unstack(a:default,d:default)', 'put-down(a:default)', 'pick-up(d:default)', 'stack(d:default,a:default)', 'pick-up(c:default)', 'stack(c:default,d:default)', 'pick-up(b:default)', 'stack(b:default,c:default)']","8","[]","0","21","29"
"instance-442","False","['unstack(d:default,c:default)', 'put-down(d:default)', 'unstack(c:default,a:default)', 'put-down(c:default)', 'unstack(a:default,b:default)', 'stack(a:default,c:default)', 'pick-up(d:default)', 'stack(d:default,a:default)', 'pick-up(b:default)', 'stack(b:default,d:default)']","10","[]","0","14","22"
"instance-489","False","['unstack(a:default,e:default)', 'put-down(a:default)', 'unstack(e:default,c:default)', 'put-down(e:default)', 'unstack(b:default,d:default)', 'stack(b:default,e:default)', 'pick-up(c:default)', 'stack(c:default,a:default)', 'pick-up(d:default)', 'stack(d:default,b:default)']","10","[]","0","43","62"
"3_instance-10","False","['unstack(b:default,c:default)', 'put-down(b:default)', 'pick-up(c:default)', 'stack(c:default,b:default)', 'pick-up(a:default)', 'stack(a:default,c:default)']","6","[]","0","13","22"
"3_instance-100","True","['pick-up(b:default)', 'stack(b:default,c:default)']","2","['pick-up(b:default)', 'stack(b:default,c:default)']","2","5","6"
"instance-473","False","['unstack(e:default,a:default)', 'put-down(e:default)', 'unstack(a:default,d:default)', 'stack(a:default,e:default)', 'pick-up(b:default)', 'stack(b:default,d:default)']","6","[]","0","5","7"
"instance-487","False","['unstack(a:default,d:default)', 'put-down(a:default)', 'unstack(d:default,b:default)', 'stack(d:default,a:default)', 'unstack(b:default,e:default)', 'stack(b:default,d:default)']","6","[]","0","5","7"
"instance-73","True","['unstack(d:default,c:default)', 'put-down(d:default)', 'pick-up(a:default)', 'stack(a:default,d:default)', 'pick-up(b:default)', 'stack(b:default,c:default)']","6","['pick-up(b:default)', 'stack(b:default,a:default)', 'unstack(d:default,c:default)', 'put-down(d:default)', 'unstack(b:default,a:default)', 'stack(b:default,c:default)', 'pick-up(a:default)', 'stack(a:default,d:default)']","8","27","42"
"instance-87","False","['unstack(b:default,a:default)', 'put-down(b:default)', 'unstack(a:default,c:default)', 'stack(a:default,b:default)', 'unstack(c:default,d:default)', 'put-down(c:default)', 'unstack(a:default,b:default)', 'stack(a:default,c:default)', 'pick-up(d:default)', 'stack(d:default,a:default)', 'pick-up(b:default)', 'stack(b:default,d:default)']","12","[]","0","16","26"
"3_instance-21","False","['unstack(c:default,b:default)', 'put-down(c:default)', 'pick-up(a:default)', 'stack(a:default,c:default)', 'pick-up(b:default)', 'stack(b:default,a:default)']","6","[]","0","14","21"
"3_instance-19","False","['unstack(a:default,b:default)', 'stack(a:default,c:default)', 'pick-up(b:default)', 'stack(b:default,a:default)']","4","[]","0","9","13"
"instance-474","False","['unstack(a:default,b:default)', 'put-down(a:default)', 'unstack(b:default,c:default)', 'stack(b:default,a:default)', 'unstack(c:default,e:default)', 'stack(c:default,b:default)', 'pick-up(e:default)', 'stack(e:default,c:default)', 'pick-up(d:default)', 'stack(d:default,e:default)']","10","[]","0","17","26"
"instance-222","False","['unstack(d:default,b:default)', 'put-down(d:default)', 'unstack(a:default,c:default)', 'stack(a:default,d:default)', 'pick-up(b:default)', 'stack(b:default,c:default)', 'unstack(a:default,d:default)', 'stack(a:default,b:default)', 'pick-up(d:default)', 'stack(d:default,a:default)']","10","[]","0","32","50"
"3_instance-26","True","['unstack(b:default,a:default)', 'put-down(b:default)', 'unstack(a:default,c:default)', 'put-down(a:default)', 'pick-up(c:default)', 'stack(c:default,b:default)']","6","['unstack(b:default,a:default)', 'put-down(b:default)', 'unstack(a:default,c:default)', 'put-down(a:default)', 'pick-up(c:default)', 'stack(c:default,b:default)']","6","9","13"
"instance-80","False","['unstack(c:default,a:default)', 'put-down(c:default)', 'unstack(a:default,b:default)', 'put-down(a:default)', 'pick-up(d:default)', 'stack(d:default,b:default)', 'pick-up(c:default)', 'stack(c:default,d:default)', 'pick-up(a:default)', 'stack(a:default,c:default)']","10","[]","0","21","32"
"instance-282","False","['unstack(c:default,b:default)', 'put-down(c:default)', 'unstack(b:default,a:default)', 'put-down(b:default)', 'unstack(a:default,d:default)', 'put-down(a:default)', 'pick-up(d:default)', 'stack(d:default,a:default)', 'pick-up(c:default)', 'stack(c:default,d:default)', 'pick-up(b:default)', 'stack(b:default,c:default)']","12","[]","0","9","14"
"instance-276","False","['unstack(a:default,b:default)', 'put-down(a:default)', 'unstack(b:default,c:default)', 'put-down(b:default)', 'pick-up(a:default)', 'stack(a:default,c:default)', 'pick-up(d:default)', 'stack(d:default,a:default)', 'pick-up(b:default)', 'stack(b:default,d:default)']","10","[]","0","6","7"
"instance-27","True","['unstack(c:default,a:default)', 'put-down(c:default)', 'pick-up(a:default)', 'stack(a:default,c:default)', 'unstack(b:default,d:default)', 'put-down(b:default)', 'pick-up(d:default)', 'stack(d:default,a:default)']","8","['unstack(c:default,a:default)', 'put-down(c:default)', 'unstack(b:default,d:default)', 'put-down(b:default)', 'pick-up(a:default)', 'stack(a:default,c:default)', 'pick-up(d:default)', 'stack(d:default,a:default)']","8","17","23"
"instance-271","False","['unstack(a:default,b:default)', 'put-down(a:default)', 'pick-up(c:default)', 'stack(c:default,a:default)', 'pick-up(d:default)', 'stack(d:default,c:default)', 'pick-up(b:default)', 'stack(b:default,d:default)']","8","[]","0","22","36"
"instance-427","False","['unstack(b:default,c:default)', 'put-down(b:default)', 'unstack(c:default,d:default)', 'stack(c:default,b:default)', 'unstack(d:default,a:default)', 'put-down(d:default)', 'unstack(c:default,b:default)', 'stack(c:default,a:default)', 'pick-up(d:default)', 'stack(d:default,c:default)', 'pick-up(b:default)', 'stack(b:default,d:default)']","12","[]","0","31","52"
"instance-285","True","['unstack(c:default,b:default)', 'put-down(c:default)', 'unstack(a:default,d:default)', 'stack(a:default,b:default)', 'pick-up(d:default)', 'stack(d:default,a:default)', 'pick-up(c:default)', 'stack(c:default,d:default)']","8","['unstack(c:default,b:default)', 'put-down(c:default)', 'unstack(a:default,d:default)', 'stack(a:default,b:default)', 'pick-up(d:default)', 'stack(d:default,a:default)', 'pick-up(c:default)', 'stack(c:default,d:default)']","8","18","25"
"instance-278","True","['unstack(b:default,d:default)', 'stack(b:default,c:default)', 'pick-up(a:default)', 'stack(a:default,d:default)', 'unstack(b:default,c:default)', 'stack(b:default,a:default)']","6","['unstack(b:default,d:default)', 'put-down(b:default)', 'pick-up(a:default)', 'stack(a:default,d:default)', 'pick-up(b:default)', 'stack(b:default,a:default)']","6","16","20"
"instance-429","True","['unstack(d:default,c:default)', 'put-down(d:default)', 'unstack(c:default,b:default)', 'stack(c:default,d:default)', 'unstack(b:default,a:default)', 'put-down(b:default)', 'unstack(c:default,d:default)', 'stack(c:default,b:default)', 'pick-up(a:default)', 'stack(a:default,d:default)']","10","['unstack(d:default,c:default)', 'put-down(d:default)', 'unstack(c:default,b:default)', 'put-down(c:default)', 'unstack(b:default,a:default)', 'put-down(b:default)', 'pick-up(a:default)', 'stack(a:default,d:default)', 'pick-up(c:default)', 'stack(c:default,b:default)']","10","22","29"
"instance-16","True","['unstack(d:default,c:default)', 'stack(d:default,a:default)', 'pick-up(c:default)', 'stack(c:default,b:default)']","4","['unstack(d:default,c:default)', 'stack(d:default,a:default)', 'pick-up(c:default)', 'stack(c:default,b:default)']","4","10","14"
"instance-416","False","['unstack(a:default,b:default)', 'put-down(a:default)', 'unstack(b:default,c:default)', 'put-down(b:default)', 'unstack(c:default,d:default)', 'stack(c:default,b:default)', 'pick-up(a:default)', 'stack(a:default,c:default)']","8","[]","0","17","26"
"instance-296","False","['unstack(a:default,c:default)', 'put-down(a:default)', 'unstack(c:default,d:default)', 'put-down(c:default)', 'pick-up(d:default)', 'stack(d:default,c:default)', 'pick-up(b:default)', 'stack(b:default,d:default)']","8","[]","0","32","50"
"instance-262","False","['unstack(d:default,a:default)', 'put-down(d:default)', 'pick-up(c:default)', 'stack(c:default,d:default)', 'pick-up(a:default)', 'stack(a:default,c:default)', 'pick-up(b:default)', 'stack(b:default,a:default)']","8","[]","0","27","42"
"instance-291","False","['unstack(a:default,c:default)', 'put-down(a:default)', 'pick-up(c:default)', 'stack(c:default,b:default)', 'pick-up(a:default)', 'stack(a:default,c:default)']","6","[]","0","15","22"
"3_instance-61","True","['unstack(b:default,c:default)', 'put-down(b:default)', 'pick-up(a:default)', 'stack(a:default,b:default)', 'pick-up(c:default)', 'stack(c:default,a:default)']","6","['unstack(b:default,c:default)', 'put-down(b:default)', 'pick-up(a:default)', 'stack(a:default,b:default)', 'pick-up(c:default)', 'stack(c:default,a:default)']","6","12","17"
"instance-4","False","['unstack(d:default,a:default)', 'put-down(d:default)', 'unstack(a:default,c:default)', 'put-down(a:default)', 'unstack(c:default,b:default)', 'put-down(c:default)', 'pick-up(d:default)', 'stack(d:default,b:default)', 'pick-up(a:default)', 'stack(a:default,d:default)']","10","[]","0","9","12"
"3_instance-57","False","['unstack(b:default,a:default)', 'put-down(b:default)', 'unstack(a:default,c:default)', 'put-down(a:default)', 'pick-up(b:default)', 'stack(b:default,c:default)', 'pick-up(a:default)', 'stack(a:default,b:default)']","8","[]","0","10","15"
"instance-298","False","['unstack(c:default,a:default)', 'stack(c:default,b:default)', 'unstack(a:default,d:default)', 'put-down(a:default)', 'pick-up(d:default)', 'stack(d:default,a:default)', 'unstack(c:default,b:default)', 'stack(c:default,d:default)']","8","[]","0","6","7"
"instance-469","False","['unstack(e:default,c:default)', 'put-down(e:default)', 'unstack(c:default,a:default)', 'put-down(c:default)', 'unstack(a:default,d:default)', 'stack(a:default,c:default)', 'pick-up(d:default)', 'stack(d:default,a:default)', 'pick-up(b:default)', 'stack(b:default,d:default)']","10","[]","0","7","10"
"instance-69","True","['unstack(a:default,b:default)', 'put-down(a:default)', 'unstack(b:default,d:default)', 'stack(b:default,c:default)', 'pick-up(a:default)', 'stack(a:default,d:default)']","6","['unstack(a:default,b:default)', 'stack(a:default,c:default)', 'unstack(b:default,d:default)', 'put-down(b:default)', 'unstack(a:default,c:default)', 'stack(a:default,d:default)', 'pick-up(b:default)', 'stack(b:default,c:default)']","8","17","24"
"instance-200","False","['unstack(d:default,a:default)', 'put-down(d:default)', 'unstack(a:default,b:default)', 'put-down(a:default)', 'unstack(b:default,c:default)', 'put-down(b:default)', 'pick-up(c:default)', 'stack(c:default,b:default)', 'pick-up(d:default)', 'stack(d:default,c:default)', 'pick-up(a:default)', 'stack(a:default,d:default)']","12","[]","0","34","59"
"instance-207","False","['unstack(d:default,c:default)', 'put-down(d:default)', 'unstack(c:default,b:default)', 'put-down(c:default)', 'unstack(b:default,a:default)', 'put-down(b:default)', 'pick-up(d:default)', 'stack(d:default,a:default)', 'pick-up(c:default)', 'stack(c:default,d:default)', 'pick-up(b:default)', 'stack(b:default,c:default)']","12","[]","0","25","39"
"instance-458","True","['pick-up(e:default)', 'stack(e:default,d:default)', 'unstack(b:default,c:default)', 'stack(b:default,e:default)', 'unstack(c:default,a:default)', 'stack(c:default,b:default)', 'pick-up(a:default)', 'stack(a:default,c:default)']","8","['pick-up(e:default)', 'stack(e:default,d:default)', 'unstack(b:default,c:default)', 'stack(b:default,e:default)', 'unstack(c:default,a:default)', 'stack(c:default,b:default)', 'pick-up(a:default)', 'stack(a:default,c:default)']","8","26","38"
"instance-67","False","['unstack(a:default,c:default)', 'put-down(a:default)', 'pick-up(b:default)', 'stack(b:default,a:default)', 'pick-up(d:default)', 'stack(d:default,b:default)', 'pick-up(c:default)', 'stack(c:default,d:default)']","8","[]","0","16","22"
"instance-493","False","['unstack(b:default,d:default)', 'stack(b:default,a:default)', 'unstack(e:default,c:default)', 'put-down(e:default)', 'pick-up(d:default)', 'stack(d:default,e:default)', 'pick-up(c:default)', 'stack(c:default,d:default)']","8","[]","0","46","66"
"3_instance-32","True","['unstack(b:default,c:default)', 'stack(b:default,a:default)', 'pick-up(c:default)', 'stack(c:default,b:default)']","4","['unstack(b:default,c:default)', 'stack(b:default,a:default)', 'pick-up(c:default)', 'stack(c:default,b:default)']","4","9","13"
"instance-94","False","['unstack(b:default,c:default)', 'put-down(b:default)', 'unstack(c:default,a:default)', 'put-down(c:default)', 'pick-up(d:default)', 'stack(d:default,c:default)', 'pick-up(b:default)', 'stack(b:default,d:default)', 'pick-up(a:default)', 'stack(a:default,b:default)']","10","[]","0","37","59"
"instance-209","True","['unstack(c:default,b:default)', 'put-down(c:default)', 'unstack(b:default,a:default)', 'put-down(b:default)', 'unstack(a:default,d:default)', 'put-down(a:default)', 'pick-up(d:default)', 'stack(d:default,a:default)', 'pick-up(c:default)', 'stack(c:default,d:default)']","10","['unstack(c:default,b:default)', 'put-down(c:default)', 'unstack(b:default,a:default)', 'put-down(b:default)', 'unstack(a:default,d:default)', 'put-down(a:default)', 'pick-up(d:default)', 'stack(d:default,a:default)', 'pick-up(c:default)', 'stack(c:default,d:default)']","10","19","28"
"instance-460","True","['unstack(d:default,e:default)', 'put-down(d:default)', 'unstack(a:default,c:default)', 'stack(a:default,d:default)', 'unstack(e:default,b:default)', 'put-down(e:default)', 'pick-up(b:default)', 'stack(b:default,e:default)', 'pick-up(c:default)', 'stack(c:default,b:default)']","10","['unstack(d:default,e:default)', 'put-down(d:default)', 'unstack(a:default,c:default)', 'stack(a:default,d:default)', 'unstack(e:default,b:default)', 'put-down(e:default)', 'pick-up(c:default)', 'stack(c:default,a:default)', 'pick-up(b:default)', 'stack(b:default,e:default)', 'unstack(c:default,a:default)', 'stack(c:default,b:default)']","12","40","55"
"instance-255","False","['unstack(a:default,b:default)', 'put-down(a:default)', 'unstack(c:default,d:default)', 'stack(c:default,b:default)', 'pick-up(d:default)', 'stack(d:default,a:default)', 'unstack(c:default,b:default)', 'stack(c:default,d:default)', 'pick-up(b:default)', 'stack(b:default,c:default)']","10","[]","0","24","37"
"instance-403","False","['pick-up(b:default)', 'stack(b:default,c:default)', 'pick-up(a:default)', 'stack(a:default,b:default)', 'pick-up(d:default)', 'stack(d:default,a:default)']","6","[]","0","11","14"
"3_instance-51","False","['unstack(c:default,a:default)', 'put-down(c:default)', 'unstack(a:default,b:default)', 'stack(a:default,c:default)', 'pick-up(b:default)', 'stack(b:default,a:default)']","6","[]","0","18","31"
"instance-252","False","['unstack(c:default,d:default)', 'stack(c:default,a:default)']","2","[]","0","34","54"
"instance-299","False","['unstack(a:default,c:default)', 'put-down(a:default)', 'unstack(c:default,b:default)', 'put-down(c:default)', 'unstack(b:default,d:default)', 'stack(b:default,c:default)', 'pick-up(d:default)', 'stack(d:default,b:default)', 'pick-up(a:default)', 'stack(a:default,d:default)']","10","[]","0","26","39"
"instance-263","False","['unstack(b:default,a:default)', 'put-down(b:default)', 'unstack(a:default,c:default)', 'put-down(a:default)', 'unstack(c:default,d:default)', 'put-down(c:default)', 'pick-up(d:default)', 'stack(d:default,b:default)', 'pick-up(a:default)', 'stack(a:default,d:default)', 'pick-up(c:default)', 'stack(c:default,a:default)']","12","[]","0","4","5"
"instance-35","True","['unstack(c:default,a:default)', 'put-down(c:default)', 'unstack(a:default,d:default)', 'put-down(a:default)', 'unstack(d:default,b:default)', 'stack(d:default,c:default)']","6","['unstack(c:default,a:default)', 'put-down(c:default)', 'unstack(a:default,d:default)', 'put-down(a:default)', 'unstack(d:default,b:default)', 'stack(d:default,c:default)']","6","10","14"
"instance-95","False","['unstack(b:default,d:default)', 'put-down(b:default)', 'unstack(d:default,a:default)', 'stack(d:default,b:default)', 'unstack(a:default,c:default)', 'put-down(a:default)', 'unstack(d:default,b:default)', 'stack(d:default,c:default)', 'pick-up(b:default)', 'stack(b:default,a:default)']","10","[]","0","4","5"
"instance-495","True","['pick-up(a:default)', 'stack(a:default,b:default)']","2","['pick-up(a:default)', 'stack(a:default,b:default)']","2","5","6"
"instance-92","True","['unstack(d:default,c:default)', 'put-down(d:default)', 'unstack(c:default,b:default)', 'put-down(c:default)', 'pick-up(a:default)', 'stack(a:default,c:default)', 'pick-up(b:default)', 'stack(b:default,d:default)']","8","['unstack(d:default,c:default)', 'put-down(d:default)', 'unstack(c:default,b:default)', 'put-down(c:default)', 'pick-up(b:default)', 'stack(b:default,d:default)', 'pick-up(a:default)', 'stack(a:default,c:default)']","8","21","30"
"3_instance-34","True","['unstack(c:default,b:default)', 'put-down(c:default)', 'pick-up(b:default)', 'stack(b:default,c:default)']","4","['unstack(c:default,b:default)', 'put-down(c:default)', 'pick-up(b:default)', 'stack(b:default,c:default)']","4","8","11"
"instance-459","False","['unstack(e:default,b:default)', 'put-down(e:default)', 'unstack(b:default,a:default)', 'stack(b:default,e:default)', 'unstack(a:default,c:default)', 'put-down(a:default)', 'unstack(c:default,d:default)', 'put-down(c:default)', 'unstack(b:default,e:default)', 'stack(b:default,d:default)', 'pick-up(a:default)', 'stack(a:default,b:default)']","12","[]","0","8","12"
"instance-66","False","['unstack(a:default,c:default)', 'put-down(a:default)', 'unstack(c:default,d:default)', 'stack(c:default,a:default)', 'pick-up(b:default)', 'stack(b:default,c:default)']","6","[]","0","4","5"
"instance-230","False","['unstack(c:default,d:default)', 'put-down(c:default)', 'unstack(d:default,b:default)', 'stack(d:default,c:default)', 'unstack(b:default,a:default)', 'put-down(b:default)', 'unstack(d:default,c:default)', 'stack(d:default,a:default)', 'pick-up(b:default)', 'stack(b:default,d:default)', 'pick-up(c:default)', 'stack(c:default,b:default)']","12","[]","0","25","42"
"instance-50","False","['unstack(b:default,c:default)', 'stack(b:default,a:default)', 'pick-up(c:default)', 'stack(c:default,d:default)', 'unstack(b:default,a:default)', 'stack(b:default,c:default)', 'pick-up(a:default)', 'stack(a:default,b:default)']","8","[]","0","36","58"
"instance-450","False","['unstack(a:default,c:default)', 'stack(a:default,e:default)', 'unstack(c:default,d:default)', 'put-down(c:default)', 'unstack(a:default,e:default)', 'stack(a:default,c:default)', 'unstack(d:default,b:default)', 'stack(d:default,a:default)', 'pick-up(e:default)', 'stack(e:default,d:default)']","10","[]","0","5","6"
"instance-468","True","['unstack(b:default,d:default)', 'put-down(b:default)', 'unstack(a:default,e:default)', 'stack(a:default,d:default)', 'pick-up(e:default)', 'stack(e:default,b:default)', 'pick-up(c:default)', 'stack(c:default,e:default)']","8","['unstack(a:default,e:default)', 'put-down(a:default)', 'unstack(b:default,d:default)', 'put-down(b:default)', 'pick-up(a:default)', 'stack(a:default,d:default)', 'pick-up(e:default)', 'stack(e:default,b:default)', 'pick-up(c:default)', 'stack(c:default,e:default)']","10","29","38"
"instance-57","False","['unstack(c:default,b:default)', 'put-down(c:default)', 'unstack(b:default,d:default)', 'put-down(b:default)', 'unstack(d:default,a:default)', 'put-down(d:default)', 'pick-up(a:default)', 'stack(a:default,d:default)', 'pick-up(c:default)', 'stack(c:default,a:default)', 'pick-up(b:default)', 'stack(b:default,c:default)']","12","[]","0","10","15"
"instance-68","False","['unstack(d:default,a:default)', 'put-down(d:default)', 'unstack(a:default,b:default)', 'put-down(a:default)', 'unstack(b:default,c:default)', 'stack(b:default,d:default)', 'pick-up(a:default)', 'stack(a:default,c:default)']","8","[]","0","24","40"
"instance-146","False","['unstack(c:default,a:default)', 'put-down(c:default)', 'unstack(d:default,b:default)', 'stack(d:default,a:default)', 'pick-up(b:default)', 'stack(b:default,c:default)', 'unstack(d:default,a:default)', 'stack(d:default,b:default)', 'pick-up(a:default)', 'stack(a:default,d:default)']","10","[]","0","32","52"
"instance-342","False","['unstack(d:default,a:default)', 'put-down(d:default)', 'unstack(a:default,c:default)', 'stack(a:default,d:default)', 'unstack(c:default,b:default)', 'put-down(c:default)', 'unstack(a:default,d:default)', 'stack(a:default,c:default)', 'pick-up(b:default)', 'stack(b:default,a:default)', 'pick-up(d:default)', 'stack(d:default,b:default)']","12","[]","0","18","29"
"instance-183","False","['unstack(b:default,c:default)', 'put-down(b:default)', 'unstack(c:default,d:default)', 'put-down(c:default)', 'pick-up(a:default)', 'stack(a:default,d:default)']","6","[]","0","5","7"
"instance-177","False","['unstack(c:default,d:default)', 'put-down(c:default)', 'unstack(a:default,b:default)', 'stack(a:default,c:default)', 'pick-up(d:default)', 'stack(d:default,a:default)', 'pick-up(b:default)', 'stack(b:default,d:default)']","8","[]","0","26","39"
"instance-345","False","['unstack(c:default,a:default)', 'put-down(c:default)', 'unstack(a:default,b:default)', 'put-down(a:default)', 'pick-up(c:default)', 'stack(c:default,b:default)', 'pick-up(a:default)', 'stack(a:default,c:default)']","8","[]","0","18","31"
"instance-148","True","['unstack(d:default,b:default)', 'put-down(d:default)', 'unstack(b:default,a:default)', 'put-down(b:default)', 'unstack(a:default,c:default)', 'stack(a:default,d:default)', 'pick-up(c:default)', 'stack(c:default,b:default)', 'unstack(a:default,d:default)', 'stack(a:default,c:default)']","10","['unstack(d:default,b:default)', 'put-down(d:default)', 'unstack(b:default,a:default)', 'put-down(b:default)', 'unstack(a:default,c:default)', 'put-down(a:default)', 'pick-up(c:default)', 'stack(c:default,b:default)', 'pick-up(a:default)', 'stack(a:default,c:default)']","10","18","27"
"instance-329","False","['unstack(a:default,b:default)', 'put-down(a:default)', 'unstack(b:default,c:default)', 'put-down(b:default)', 'unstack(c:default,d:default)', 'put-down(c:default)', 'pick-up(d:default)', 'stack(d:default,a:default)', 'pick-up(b:default)', 'stack(b:default,d:default)', 'pick-up(c:default)', 'stack(c:default,b:default)']","12","[]","0","22","32"
"instance-316","True","['unstack(b:default,d:default)', 'put-down(b:default)', 'pick-up(c:default)', 'stack(c:default,d:default)', 'pick-up(a:default)', 'stack(a:default,c:default)', 'pick-up(b:default)', 'stack(b:default,a:default)']","8","['unstack(b:default,d:default)', 'put-down(b:default)', 'pick-up(a:default)', 'stack(a:default,b:default)', 'pick-up(c:default)', 'stack(c:default,d:default)', 'unstack(a:default,b:default)', 'stack(a:default,c:default)', 'pick-up(b:default)', 'stack(b:default,a:default)']","10","30","49"
"instance-320","False","['unstack(b:default,d:default)', 'put-down(b:default)', 'unstack(a:default,c:default)', 'stack(a:default,b:default)', 'pick-up(c:default)', 'stack(c:default,d:default)', 'unstack(a:default,b:default)', 'stack(a:default,c:default)', 'pick-up(b:default)', 'stack(b:default,a:default)']","10","[]","0","8","11"
"instance-318","False","['unstack(c:default,d:default)', 'put-down(c:default)', 'unstack(d:default,a:default)', 'stack(d:default,c:default)', 'pick-up(b:default)', 'stack(b:default,d:default)', 'pick-up(a:default)', 'stack(a:default,b:default)']","8","[]","0","19","32"
"instance-115","False","['unstack(d:default,b:default)', 'put-down(d:default)', 'pick-up(a:default)', 'stack(a:default,b:default)', 'pick-up(d:default)', 'stack(d:default,a:default)']","6","[]","0","5","7"
"instance-176","True","['unstack(b:default,c:default)', 'put-down(b:default)', 'unstack(c:default,a:default)', 'stack(c:default,b:default)']","4","['unstack(b:default,c:default)', 'put-down(b:default)', 'unstack(c:default,a:default)', 'stack(c:default,b:default)']","4","6","7"
"instance-171","False","['unstack(d:default,b:default)', 'stack(d:default,a:default)', 'unstack(b:default,c:default)', 'put-down(b:default)', 'unstack(d:default,a:default)', 'stack(d:default,b:default)', 'pick-up(c:default)', 'stack(c:default,a:default)']","8","[]","0","5","7"
"instance-343","True","['unstack(b:default,a:default)', 'put-down(b:default)', 'unstack(a:default,d:default)', 'put-down(a:default)', 'unstack(d:default,c:default)', 'stack(d:default,b:default)', 'pick-up(c:default)', 'stack(c:default,a:default)', 'unstack(d:default,b:default)', 'stack(d:default,c:default)']","10","['unstack(b:default,a:default)', 'put-down(b:default)', 'unstack(a:default,d:default)', 'put-down(a:default)', 'unstack(d:default,c:default)', 'put-down(d:default)', 'pick-up(c:default)', 'stack(c:default,a:default)', 'pick-up(d:default)', 'stack(d:default,c:default)']","10","21","30"
"instance-147","True","['unstack(a:default,b:default)', 'put-down(a:default)', 'pick-up(d:default)', 'stack(d:default,a:default)', 'unstack(b:default,c:default)', 'stack(b:default,d:default)']","6","['unstack(a:default,b:default)', 'stack(a:default,d:default)', 'unstack(b:default,c:default)', 'put-down(b:default)', 'unstack(a:default,d:default)', 'put-down(a:default)', 'pick-up(d:default)', 'stack(d:default,a:default)', 'pick-up(b:default)', 'stack(b:default,d:default)']","10","23","33"
"instance-375","False","['unstack(a:default,b:default)', 'put-down(a:default)', 'unstack(b:default,d:default)', 'stack(b:default,a:default)', 'unstack(d:default,c:default)', 'put-down(d:default)', 'unstack(b:default,a:default)', 'stack(b:default,c:default)', 'pick-up(d:default)', 'stack(d:default,b:default)', 'pick-up(a:default)', 'stack(a:default,d:default)']","12","[]","0","27","45"
"instance-140","False","['unstack(c:default,b:default)', 'put-down(c:default)', 'pick-up(d:default)', 'stack(d:default,b:default)', 'pick-up(c:default)', 'stack(c:default,d:default)']","6","[]","0","36","60"
"instance-386","False","['unstack(c:default,d:default)', 'put-down(c:default)', 'unstack(d:default,b:default)', 'put-down(d:default)', 'unstack(b:default,a:default)', 'stack(b:default,d:default)', 'pick-up(a:default)', 'stack(a:default,c:default)', 'unstack(b:default,d:default)', 'stack(b:default,a:default)']","10","[]","0","24","40"
"instance-319","False","['unstack(a:default,b:default)', 'put-down(a:default)', 'unstack(d:default,c:default)', 'stack(d:default,a:default)', 'pick-up(c:default)', 'stack(c:default,d:default)', 'pick-up(b:default)', 'stack(b:default,c:default)']","8","[]","0","37","59"
"instance-113","False","['unstack(b:default,a:default)', 'put-down(b:default)', 'unstack(a:default,d:default)', 'put-down(a:default)', 'unstack(d:default,c:default)', 'stack(d:default,a:default)', 'pick-up(c:default)', 'stack(c:default,b:default)', 'unstack(d:default,a:default)', 'stack(d:default,c:default)', 'pick-up(a:default)', 'stack(a:default,d:default)']","12","[]","0","20","35"
"instance-125","True","['unstack(a:default,b:default)', 'stack(a:default,d:default)', 'unstack(b:default,c:default)', 'put-down(b:default)', 'pick-up(c:default)', 'stack(c:default,a:default)']","6","['unstack(a:default,b:default)', 'put-down(a:default)', 'unstack(b:default,c:default)', 'put-down(b:default)', 'pick-up(a:default)', 'stack(a:default,d:default)', 'pick-up(c:default)', 'stack(c:default,a:default)']","8","20","29"
"instance-122","False","['unstack(b:default,d:default)', 'put-down(b:default)', 'unstack(d:default,c:default)', 'stack(d:default,b:default)', 'unstack(c:default,a:default)', 'put-down(c:default)', 'unstack(d:default,b:default)', 'stack(d:default,c:default)', 'pick-up(a:default)', 'stack(a:default,d:default)']","10","[]","0","21","33"
"instance-310","False","['unstack(c:default,a:default)', 'put-down(c:default)', 'pick-up(a:default)', 'stack(a:default,c:default)', 'unstack(d:default,b:default)', 'stack(d:default,a:default)', 'pick-up(b:default)', 'stack(b:default,d:default)']","8","[]","0","27","40"
"instance-159","False","['unstack(b:default,d:default)', 'put-down(b:default)', 'pick-up(d:default)', 'stack(d:default,b:default)', 'pick-up(a:default)', 'stack(a:default,d:default)']","6","[]","0","39","62"
"instance-166","True","['unstack(c:default,d:default)', 'stack(c:default,b:default)', 'pick-up(a:default)', 'stack(a:default,d:default)', 'unstack(c:default,b:default)', 'stack(c:default,a:default)']","6","['unstack(c:default,d:default)', 'stack(c:default,b:default)', 'pick-up(a:default)', 'stack(a:default,d:default)', 'unstack(c:default,b:default)', 'stack(c:default,a:default)']","6","17","22"
"instance-398","False","['unstack(a:default,c:default)', 'put-down(a:default)', 'unstack(c:default,b:default)', 'put-down(c:default)', 'pick-up(b:default)', 'stack(b:default,c:default)', 'pick-up(d:default)', 'stack(d:default,b:default)', 'pick-up(a:default)', 'stack(a:default,d:default)']","10","[]","0","6","7"
"instance-353","False","['pick-up(c:default)', 'stack(c:default,d:default)', 'pick-up(b:default)', 'stack(b:default,c:default)', 'pick-up(a:default)', 'stack(a:default,b:default)']","6","[]","0","35","56"
"instance-161","True","['pick-up(d:default)', 'stack(d:default,b:default)']","2","['unstack(b:default,c:default)', 'stack(b:default,d:default)', 'unstack(c:default,a:default)', 'put-down(c:default)', 'unstack(b:default,d:default)', 'stack(b:default,c:default)', 'pick-up(d:default)', 'stack(d:default,b:default)']","8","18","30"
"instance-365","True","['unstack(d:default,c:default)', 'put-down(d:default)', 'pick-up(b:default)', 'stack(b:default,c:default)']","4","['unstack(d:default,c:default)', 'put-down(d:default)', 'pick-up(b:default)', 'stack(b:default,c:default)']","4","11","14"
"instance-157","False","['unstack(a:default,d:default)', 'stack(a:default,c:default)', 'unstack(d:default,b:default)', 'put-down(d:default)', 'pick-up(b:default)', 'stack(b:default,a:default)', 'pick-up(d:default)', 'stack(d:default,b:default)']","8","[]","0","6","7"
"instance-104","False","['unstack(a:default,d:default)', 'put-down(a:default)', 'unstack(d:default,b:default)', 'put-down(d:default)', 'unstack(b:default,c:default)', 'put-down(b:default)', 'pick-up(c:default)', 'stack(c:default,b:default)', 'pick-up(a:default)', 'stack(a:default,c:default)', 'pick-up(d:default)', 'stack(d:default,a:default)']","12","[]","0","24","40"
"instance-300","True","['unstack(b:default,d:default)', 'put-down(b:default)', 'pick-up(d:default)', 'stack(d:default,b:default)', 'unstack(c:default,a:default)', 'stack(c:default,d:default)']","6","['unstack(b:default,d:default)', 'put-down(b:default)', 'pick-up(d:default)', 'stack(d:default,b:default)', 'unstack(c:default,a:default)', 'stack(c:default,d:default)']","6","14","19"
"instance-132","False","['unstack(c:default,b:default)', 'put-down(c:default)', 'unstack(b:default,d:default)', 'stack(b:default,c:default)', 'pick-up(d:default)', 'stack(d:default,b:default)', 'pick-up(a:default)', 'stack(a:default,d:default)']","8","[]","0","6","7"
"instance-363","False","['unstack(a:default,d:default)', 'put-down(a:default)', 'unstack(d:default,b:default)', 'stack(d:default,a:default)', 'pick-up(b:default)', 'stack(b:default,c:default)', 'unstack(d:default,a:default)', 'stack(d:default,b:default)', 'pick-up(a:default)', 'stack(a:default,d:default)']","10","[]","0","5","7"
"instance-397","True","['unstack(c:default,b:default)', 'put-down(c:default)', 'unstack(b:default,a:default)', 'put-down(b:default)', 'pick-up(a:default)', 'stack(a:default,d:default)']","6","['unstack(c:default,b:default)', 'put-down(c:default)', 'unstack(b:default,a:default)', 'put-down(b:default)', 'pick-up(a:default)', 'stack(a:default,d:default)']","6","15","19"
"instance-390","False","['unstack(b:default,c:default)', 'stack(b:default,d:default)', 'pick-up(a:default)', 'stack(a:default,b:default)', 'pick-up(c:default)', 'stack(c:default,a:default)']","6","[]","0","26","41"
"instance-156","True","['unstack(a:default,d:default)', 'put-down(a:default)', 'pick-up(b:default)', 'stack(b:default,a:default)', 'unstack(d:default,c:default)', 'put-down(d:default)', 'pick-up(c:default)', 'stack(c:default,b:default)']","8","['unstack(a:default,d:default)', 'put-down(a:default)', 'unstack(d:default,c:default)', 'put-down(d:default)', 'pick-up(b:default)', 'stack(b:default,a:default)', 'pick-up(c:default)', 'stack(c:default,b:default)']","8","21","29"
"instance-355","True","['unstack(c:default,a:default)', 'put-down(c:default)', 'unstack(a:default,d:default)', 'put-down(a:default)', 'pick-up(b:default)', 'stack(b:default,d:default)', 'pick-up(c:default)', 'stack(c:default,b:default)']","8","['unstack(c:default,a:default)', 'put-down(c:default)', 'unstack(a:default,d:default)', 'put-down(a:default)', 'pick-up(b:default)', 'stack(b:default,d:default)', 'pick-up(c:default)', 'stack(c:default,b:default)']","8","19","25"
"instance-339","False","['unstack(d:default,a:default)', 'put-down(d:default)', 'unstack(a:default,c:default)', 'put-down(a:default)', 'unstack(c:default,b:default)', 'put-down(c:default)', 'pick-up(b:default)', 'stack(b:default,a:default)', 'pick-up(d:default)', 'stack(d:default,b:default)', 'pick-up(c:default)', 'stack(c:default,d:default)']","12","[]","0","32","54"
"instance-102","False","['unstack(c:default,a:default)', 'put-down(c:default)', 'unstack(a:default,d:default)', 'put-down(a:default)', 'unstack(d:default,b:default)', 'put-down(d:default)', 'pick-up(c:default)', 'stack(c:default,d:default)', 'pick-up(a:default)', 'stack(a:default,c:default)', 'pick-up(b:default)', 'stack(b:default,a:default)']","12","[]","0","30","47"
"instance-308","False","['unstack(d:default,b:default)', 'put-down(d:default)', 'unstack(b:default,c:default)', 'stack(b:default,a:default)', 'pick-up(c:default)', 'stack(c:default,d:default)', 'unstack(b:default,a:default)', 'stack(b:default,c:default)']","8","[]","0","5","7"
"3_instance-41","True","['pick-up(c:default)', 'stack(c:default,b:default)']","2","['pick-up(c:default)', 'stack(c:default,b:default)']","2","5","6"
"instance-245","True","['unstack(b:default,c:default)', 'put-down(b:default)', 'unstack(d:default,a:default)', 'stack(d:default,c:default)', 'pick-up(b:default)', 'stack(b:default,a:default)']","6","['unstack(d:default,a:default)', 'put-down(d:default)', 'unstack(b:default,c:default)', 'stack(b:default,a:default)', 'pick-up(d:default)', 'stack(d:default,c:default)']","6","15","22"
"instance-14","True","['unstack(a:default,b:default)', 'put-down(a:default)', 'unstack(b:default,c:default)', 'put-down(b:default)', 'unstack(c:default,d:default)', 'stack(c:default,b:default)', 'pick-up(d:default)', 'stack(d:default,a:default)', 'unstack(c:default,b:default)', 'stack(c:default,d:default)', 'pick-up(b:default)', 'stack(b:default,c:default)']","12","['unstack(a:default,b:default)', 'put-down(a:default)', 'unstack(b:default,c:default)', 'stack(b:default,a:default)', 'unstack(c:default,d:default)', 'put-down(c:default)', 'unstack(b:default,a:default)', 'put-down(b:default)', 'pick-up(d:default)', 'stack(d:default,a:default)', 'pick-up(c:default)', 'stack(c:default,d:default)', 'pick-up(b:default)', 'stack(b:default,c:default)']","14","27","43"
"instance-289","False","['unstack(a:default,d:default)', 'put-down(a:default)', 'unstack(b:default,c:default)', 'stack(b:default,d:default)', 'pick-up(c:default)', 'stack(c:default,b:default)', 'pick-up(a:default)', 'stack(a:default,c:default)']","8","[]","0","12","17"
"3_instance-46","True","['unstack(b:default,a:default)', 'stack(b:default,c:default)', 'pick-up(a:default)', 'stack(a:default,b:default)']","4","['unstack(b:default,a:default)', 'stack(b:default,c:default)', 'pick-up(a:default)', 'stack(a:default,b:default)']","4","8","11"
"instance-414","False","['unstack(a:default,c:default)', 'put-down(a:default)', 'unstack(c:default,d:default)', 'stack(c:default,a:default)', 'unstack(d:default,b:default)', 'stack(d:default,c:default)', 'pick-up(b:default)', 'stack(b:default,d:default)']","8","[]","0","32","53"
"instance-22","False","['unstack(d:default,c:default)', 'stack(d:default,b:default)', 'unstack(c:default,a:default)', 'put-down(c:default)', 'unstack(d:default,b:default)', 'stack(d:default,a:default)', 'pick-up(b:default)', 'stack(b:default,c:default)']","8","[]","0","31","48"
"instance-422","False","['unstack(c:default,b:default)', 'put-down(c:default)', 'pick-up(a:default)', 'stack(a:default,b:default)', 'pick-up(d:default)', 'stack(d:default,a:default)']","6","[]","0","14","20"
"instance-274","True","['unstack(d:default,a:default)', 'stack(d:default,c:default)', 'pick-up(b:default)', 'stack(b:default,a:default)']","4","['unstack(d:default,a:default)', 'stack(d:default,c:default)', 'pick-up(b:default)', 'stack(b:default,a:default)']","4","11","14"
"instance-280","False","['unstack(a:default,c:default)', 'put-down(a:default)', 'unstack(c:default,d:default)', 'put-down(c:default)', 'unstack(d:default,b:default)', 'put-down(d:default)', 'pick-up(b:default)', 'stack(b:default,d:default)', 'pick-up(a:default)', 'stack(a:default,b:default)', 'pick-up(c:default)', 'stack(c:default,a:default)']","12","[]","0","18","27"
"3_instance-83","True","['pick-up(b:default)', 'stack(b:default,a:default)']","2","['pick-up(b:default)', 'stack(b:default,a:default)']","2","5","6"
"3_instance-48","True","['pick-up(a:default)', 'stack(a:default,b:default)']","2","['pick-up(a:default)', 'stack(a:default,b:default)']","2","5","6"
"instance-485","True","['unstack(b:default,e:default)', 'put-down(b:default)', 'unstack(e:default,c:default)', 'stack(e:default,b:default)', 'pick-up(a:default)', 'stack(a:default,e:default)', 'pick-up(d:default)', 'stack(d:default,c:default)']","8","['unstack(b:default,e:default)', 'put-down(b:default)', 'unstack(e:default,c:default)', 'stack(e:default,b:default)', 'pick-up(a:default)', 'stack(a:default,e:default)', 'pick-up(d:default)', 'stack(d:default,c:default)']","8","21","28"
"instance-227","False","['unstack(a:default,c:default)', 'put-down(a:default)', 'pick-up(d:default)', 'stack(d:default,c:default)', 'pick-up(b:default)', 'stack(b:default,d:default)', 'pick-up(a:default)', 'stack(a:default,b:default)']","8","[]","0","18","24"
"instance-85","False","['unstack(b:default,a:default)', 'put-down(b:default)', 'unstack(a:default,c:default)', 'stack(a:default,b:default)', 'pick-up(c:default)', 'stack(c:default,d:default)', 'unstack(a:default,b:default)', 'stack(a:default,c:default)']","8","[]","0","6","7"
"3_instance-23","True","['unstack(c:default,a:default)', 'put-down(c:default)', 'unstack(a:default,b:default)', 'put-down(a:default)', 'pick-up(c:default)', 'stack(c:default,b:default)']","6","['unstack(c:default,a:default)', 'put-down(c:default)', 'unstack(a:default,b:default)', 'put-down(a:default)', 'pick-up(c:default)', 'stack(c:default,b:default)']","6","11","15"
"instance-476","False","['unstack(b:default,e:default)', 'put-down(b:default)', 'unstack(c:default,d:default)', 'put-down(c:default)', 'unstack(d:default,a:default)', 'stack(d:default,b:default)', 'pick-up(e:default)', 'stack(e:default,d:default)', 'pick-up(a:default)', 'stack(a:default,e:default)', 'pick-up(c:default)', 'stack(c:default,a:default)']","12","[]","0","27","41"
"instance-49","False","['unstack(a:default,c:default)', 'put-down(a:default)', 'unstack(c:default,b:default)', 'stack(c:default,a:default)', 'unstack(b:default,d:default)', 'put-down(b:default)', 'pick-up(d:default)', 'stack(d:default,c:default)', 'pick-up(b:default)', 'stack(b:default,d:default)']","10","[]","0","32","50"
"instance-482","True","['unstack(a:default,d:default)', 'put-down(a:default)', 'unstack(e:default,c:default)', 'put-down(e:default)', 'pick-up(d:default)', 'stack(d:default,e:default)', 'unstack(c:default,b:default)', 'put-down(c:default)', 'pick-up(b:default)', 'stack(b:default,d:default)']","10","['unstack(a:default,d:default)', 'put-down(a:default)', 'unstack(e:default,c:default)', 'put-down(e:default)', 'unstack(c:default,b:default)', 'put-down(c:default)', 'pick-up(d:default)', 'stack(d:default,e:default)', 'pick-up(b:default)', 'stack(b:default,d:default)']","10","42","58"
"3_instance-24","False","['pick-up(b:default)', 'stack(b:default,c:default)', 'pick-up(a:default)', 'stack(a:default,b:default)']","4","[]","0","12","17"
"instance-40","False","['unstack(c:default,d:default)', 'put-down(c:default)', 'unstack(d:default,a:default)', 'put-down(d:default)', 'unstack(a:default,b:default)', 'put-down(a:default)', 'pick-up(d:default)', 'stack(d:default,b:default)', 'pick-up(c:default)', 'stack(c:default,d:default)', 'pick-up(a:default)', 'stack(a:default,c:default)']","12","[]","0","36","56"
"instance-211","True","['unstack(a:default,c:default)', 'put-down(a:default)', 'unstack(c:default,b:default)', 'stack(c:default,a:default)', 'unstack(b:default,d:default)', 'put-down(b:default)', 'pick-up(d:default)', 'stack(d:default,b:default)']","8","['unstack(a:default,c:default)', 'put-down(a:default)', 'unstack(c:default,b:default)', 'stack(c:default,a:default)', 'unstack(b:default,d:default)', 'stack(b:default,c:default)', 'pick-up(d:default)', 'stack(d:default,b:default)']","8","20","33"
"instance-78","True","['unstack(c:default,d:default)', 'stack(c:default,a:default)', 'unstack(d:default,b:default)', 'stack(d:default,c:default)', 'pick-up(b:default)', 'stack(b:default,d:default)']","6","['unstack(c:default,d:default)', 'stack(c:default,a:default)', 'unstack(d:default,b:default)', 'stack(d:default,c:default)', 'pick-up(b:default)', 'stack(b:default,d:default)']","6","12","18"
"instance-47","False","['unstack(c:default,a:default)', 'put-down(c:default)', 'unstack(a:default,d:default)', 'stack(a:default,b:default)', 'pick-up(d:default)', 'stack(d:default,c:default)', 'unstack(a:default,b:default)', 'stack(a:default,d:default)', 'pick-up(b:default)', 'stack(b:default,a:default)']","10","[]","0","4","5"
"instance-478","False","['unstack(c:default,d:default)', 'put-down(c:default)', 'unstack(d:default,e:default)', 'put-down(d:default)', 'unstack(e:default,a:default)', 'stack(e:default,c:default)', 'unstack(a:default,b:default)', 'stack(a:default,d:default)', 'unstack(e:default,c:default)', 'stack(e:default,a:default)', 'pick-up(b:default)', 'stack(b:default,e:default)']","12","[]","0","33","52"
"3_instance-82","True","['unstack(c:default,a:default)', 'put-down(c:default)', 'unstack(a:default,b:default)', 'put-down(a:default)', 'pick-up(c:default)', 'stack(c:default,a:default)', 'pick-up(b:default)', 'stack(b:default,c:default)']","8","['unstack(c:default,a:default)', 'put-down(c:default)', 'unstack(a:default,b:default)', 'put-down(a:default)', 'pick-up(c:default)', 'stack(c:default,a:default)', 'pick-up(b:default)', 'stack(b:default,c:default)']","8","13","21"
"instance-424","False","['unstack(d:default,c:default)', 'stack(d:default,a:default)', 'unstack(c:default,b:default)', 'put-down(c:default)', 'unstack(d:default,a:default)', 'stack(d:default,b:default)', 'pick-up(c:default)', 'stack(c:default,d:default)', 'pick-up(a:default)', 'stack(a:default,c:default)']","10","[]","0","25","38"
"instance-286","False","['unstack(d:default,c:default)', 'stack(d:default,b:default)', 'pick-up(c:default)', 'stack(c:default,d:default)', 'pick-up(a:default)', 'stack(a:default,c:default)']","6","[]","0","18","29"
"3_instance-85","True","['unstack(c:default,a:default)', 'put-down(c:default)', 'unstack(a:default,b:default)', 'stack(a:default,c:default)']","4","['unstack(c:default,a:default)', 'put-down(c:default)', 'unstack(a:default,b:default)', 'stack(a:default,c:default)']","4","6","7"
"instance-281","False","['unstack(b:default,c:default)', 'put-down(b:default)', 'pick-up(d:default)', 'stack(d:default,b:default)', 'unstack(c:default,a:default)', 'put-down(c:default)', 'pick-up(a:default)', 'stack(a:default,d:default)']","8","[]","0","24","36"
"instance-275","False","['unstack(b:default,d:default)', 'stack(b:default,a:default)', 'pick-up(c:default)', 'stack(c:default,d:default)', 'unstack(b:default,a:default)', 'stack(b:default,c:default)', 'pick-up(a:default)', 'stack(a:default,b:default)']","8","[]","0","23","37"
"instance-288","False","['unstack(c:default,b:default)', 'put-down(c:default)', 'pick-up(b:default)', 'stack(b:default,a:default)', 'pick-up(d:default)', 'stack(d:default,b:default)', 'pick-up(c:default)', 'stack(c:default,d:default)']","8","[]","0","17","27"
"instance-15","True","['unstack(c:default,b:default)', 'put-down(c:default)', 'pick-up(a:default)', 'stack(a:default,c:default)', 'unstack(b:default,d:default)', 'stack(b:default,a:default)']","6","['unstack(c:default,b:default)', 'stack(c:default,a:default)', 'unstack(b:default,d:default)', 'put-down(b:default)', 'unstack(c:default,a:default)', 'put-down(c:default)', 'pick-up(a:default)', 'stack(a:default,c:default)', 'pick-up(b:default)', 'stack(b:default,a:default)']","10","22","32"
"instance-415","False","['unstack(c:default,a:default)', 'stack(c:default,d:default)', 'unstack(a:default,b:default)', 'put-down(a:default)', 'unstack(c:default,d:default)', 'stack(c:default,a:default)', 'pick-up(d:default)', 'stack(d:default,b:default)']","8","[]","0","5","7"
"instance-446","True","['unstack(a:default,e:default)', 'put-down(a:default)', 'unstack(e:default,c:default)', 'put-down(e:default)', 'unstack(c:default,b:default)', 'stack(c:default,a:default)', 'unstack(b:default,d:default)', 'put-down(b:default)', 'pick-up(d:default)', 'stack(d:default,e:default)', 'unstack(c:default,a:default)', 'stack(c:default,d:default)']","12","['unstack(a:default,e:default)', 'put-down(a:default)', 'unstack(e:default,c:default)', 'put-down(e:default)', 'unstack(c:default,b:default)', 'put-down(c:default)', 'unstack(b:default,d:default)', 'put-down(b:default)', 'pick-up(d:default)', 'stack(d:default,e:default)', 'pick-up(c:default)', 'stack(c:default,d:default)']","12","22","32"
"instance-79","False","['pick-up(b:default)', 'stack(b:default,d:default)']","2","[]","0","26","42"
"instance-479","False","['unstack(d:default,c:default)', 'put-down(d:default)', 'unstack(a:default,e:default)', 'stack(a:default,d:default)', 'pick-up(e:default)', 'stack(e:default,c:default)']","6","[]","0","43","63"
"instance-441","False","['unstack(c:default,b:default)', 'put-down(c:default)', 'pick-up(b:default)', 'stack(b:default,c:default)', 'unstack(a:default,d:default)', 'stack(a:default,b:default)', 'pick-up(d:default)', 'stack(d:default,a:default)']","8","[]","0","16","25"
"instance-41","True","['unstack(b:default,c:default)', 'stack(b:default,d:default)']","2","['unstack(b:default,c:default)', 'stack(b:default,d:default)']","2","6","6"
"instance-477","True","['unstack(e:default,b:default)', 'stack(e:default,a:default)', 'pick-up(c:default)', 'stack(c:default,e:default)']","4","['unstack(e:default,b:default)', 'stack(e:default,a:default)', 'pick-up(c:default)', 'stack(c:default,e:default)']","4","10","14"
"instance-221","False","['unstack(a:default,d:default)', 'put-down(a:default)', 'unstack(d:default,c:default)', 'stack(d:default,a:default)', 'pick-up(b:default)', 'stack(b:default,d:default)', 'pick-up(c:default)', 'stack(c:default,b:default)']","8","[]","0","15","22"
"instance-448","False","['unstack(e:default,d:default)', 'put-down(e:default)', 'unstack(d:default,c:default)', 'put-down(d:default)', 'pick-up(e:default)', 'stack(e:default,c:default)', 'pick-up(d:default)', 'stack(d:default,e:default)']","8","[]","0","38","53"
"instance-226","False","['unstack(d:default,a:default)', 'put-down(d:default)', 'unstack(a:default,c:default)', 'put-down(a:default)', 'unstack(c:default,b:default)', 'stack(c:default,d:default)', 'pick-up(b:default)', 'stack(b:default,c:default)', 'pick-up(a:default)', 'stack(a:default,b:default)']","10","[]","0","31","54"
"instance-470","False","['unstack(b:default,d:default)', 'put-down(b:default)', 'unstack(d:default,e:default)', 'stack(d:default,c:default)', 'pick-up(b:default)', 'stack(b:default,d:default)']","6","[]","0","11","17"
"instance-484","False","['unstack(a:default,e:default)', 'put-down(a:default)', 'unstack(d:default,c:default)', 'stack(d:default,a:default)', 'pick-up(e:default)', 'stack(e:default,d:default)', 'unstack(c:default,b:default)', 'stack(c:default,e:default)', 'pick-up(b:default)', 'stack(b:default,c:default)']","10","[]","0","11","13"
"instance-84","True","['unstack(a:default,b:default)', 'put-down(a:default)', 'unstack(b:default,d:default)', 'put-down(b:default)', 'pick-up(a:default)', 'stack(a:default,b:default)', 'unstack(d:default,c:default)', 'put-down(d:default)', 'pick-up(c:default)', 'stack(c:default,a:default)', 'pick-up(d:default)', 'stack(d:default,c:default)']","12","['unstack(a:default,b:default)', 'put-down(a:default)', 'unstack(b:default,d:default)', 'put-down(b:default)', 'unstack(d:default,c:default)', 'put-down(d:default)', 'pick-up(a:default)', 'stack(a:default,b:default)', 'pick-up(c:default)', 'stack(c:default,a:default)', 'pick-up(d:default)', 'stack(d:default,c:default)']","12","23","35"
"instance-499","True","['unstack(d:default,a:default)', 'put-down(d:default)', 'unstack(a:default,e:default)', 'put-down(a:default)', 'pick-up(d:default)', 'stack(d:default,e:default)']","6","['unstack(d:default,a:default)', 'put-down(d:default)', 'unstack(a:default,e:default)', 'put-down(a:default)', 'pick-up(d:default)', 'stack(d:default,e:default)']","6","10","13"
"instance-452","False","['unstack(d:default,a:default)', 'put-down(d:default)', 'unstack(a:default,e:default)', 'stack(a:default,d:default)', 'unstack(e:default,c:default)', 'stack(e:default,a:default)', 'unstack(c:default,b:default)', 'put-down(c:default)', 'pick-up(b:default)', 'stack(b:default,c:default)', 'unstack(e:default,a:default)', 'stack(e:default,b:default)', 'unstack(a:default,d:default)', 'stack(a:default,e:default)']","14","[]","0","35","50"
"instance-99","False","['unstack(a:default,d:default)', 'stack(a:default,c:default)', 'unstack(d:default,b:default)', 'put-down(d:default)', 'unstack(a:default,c:default)', 'stack(a:default,b:default)', 'pick-up(c:default)', 'stack(c:default,d:default)']","8","[]","0","6","7"
"instance-63","True","['unstack(a:default,c:default)', 'put-down(a:default)', 'pick-up(c:default)', 'stack(c:default,d:default)', 'pick-up(b:default)', 'stack(b:default,c:default)']","6","['unstack(a:default,c:default)', 'put-down(a:default)', 'pick-up(c:default)', 'stack(c:default,d:default)', 'pick-up(b:default)', 'stack(b:default,c:default)']","6","15","19"
"instance-497","True","['unstack(b:default,a:default)', 'stack(b:default,c:default)', 'unstack(a:default,e:default)', 'put-down(a:default)', 'pick-up(d:default)', 'stack(d:default,a:default)', 'pick-up(e:default)', 'stack(e:default,d:default)', 'unstack(b:default,c:default)', 'stack(b:default,e:default)']","10","['unstack(b:default,a:default)', 'stack(b:default,d:default)', 'unstack(a:default,e:default)', 'put-down(a:default)', 'unstack(b:default,d:default)', 'put-down(b:default)', 'pick-up(d:default)', 'stack(d:default,a:default)', 'pick-up(e:default)', 'stack(e:default,d:default)', 'pick-up(b:default)', 'stack(b:default,e:default)']","12","30","43"
"instance-463","False","['unstack(d:default,c:default)', 'stack(d:default,e:default)', 'unstack(c:default,b:default)', 'put-down(c:default)', 'unstack(d:default,e:default)', 'stack(d:default,b:default)', 'pick-up(c:default)', 'stack(c:default,d:default)', 'unstack(e:default,a:default)', 'put-down(e:default)', 'pick-up(a:default)', 'stack(a:default,e:default)']","12","[]","0","10","14"
"instance-235","False","['unstack(d:default,b:default)', 'put-down(d:default)', 'pick-up(c:default)', 'stack(c:default,d:default)', 'pick-up(b:default)', 'stack(b:default,c:default)', 'pick-up(a:default)', 'stack(a:default,b:default)']","8","[]","0","10","14"
"instance-232","True","['unstack(d:default,a:default)', 'put-down(d:default)', 'pick-up(c:default)', 'stack(c:default,a:default)', 'pick-up(b:default)', 'stack(b:default,c:default)']","6","['unstack(d:default,a:default)', 'put-down(d:default)', 'pick-up(c:default)', 'stack(c:default,a:default)', 'pick-up(b:default)', 'stack(b:default,c:default)']","6","15","21"
"instance-464","False","['unstack(c:default,a:default)', 'put-down(c:default)', 'unstack(a:default,b:default)', 'put-down(a:default)', 'unstack(b:default,e:default)', 'put-down(b:default)', 'unstack(e:default,d:default)', 'put-down(e:default)', 'pick-up(d:default)', 'stack(d:default,a:default)', 'pick-up(c:default)', 'stack(c:default,d:default)', 'pick-up(b:default)', 'stack(b:default,c:default)', 'pick-up(e:default)', 'stack(e:default,b:default)']","16","[]","0","44","65"
"instance-490","False","['unstack(e:default,c:default)', 'put-down(e:default)', 'pick-up(d:default)', 'stack(d:default,c:default)', 'pick-up(a:default)', 'stack(a:default,d:default)', 'pick-up(b:default)', 'stack(b:default,a:default)']","8","[]","0","44","60"
"instance-292","True","['unstack(a:default,d:default)', 'put-down(a:default)', 'unstack(d:default,b:default)', 'put-down(d:default)', 'pick-up(a:default)', 'stack(a:default,b:default)']","6","['unstack(a:default,d:default)', 'put-down(a:default)', 'unstack(d:default,b:default)', 'put-down(d:default)', 'pick-up(a:default)', 'stack(a:default,b:default)']","6","11","15"
"3_instance-62","True","['unstack(a:default,b:default)', 'put-down(a:default)', 'pick-up(b:default)', 'stack(b:default,c:default)', 'pick-up(a:default)', 'stack(a:default,b:default)']","6","['unstack(a:default,b:default)', 'put-down(a:default)', 'pick-up(b:default)', 'stack(b:default,c:default)', 'pick-up(a:default)', 'stack(a:default,b:default)']","6","13","18"
"instance-295","True","['unstack(d:default,b:default)', 'put-down(d:default)', 'unstack(c:default,a:default)', 'stack(c:default,d:default)', 'pick-up(b:default)', 'stack(b:default,c:default)']","6","['unstack(d:default,b:default)', 'put-down(d:default)', 'unstack(c:default,a:default)', 'stack(c:default,d:default)', 'pick-up(b:default)', 'stack(b:default,c:default)']","6","13","20"
"instance-437","False","['unstack(d:default,c:default)', 'put-down(d:default)', 'pick-up(c:default)', 'stack(c:default,d:default)', 'unstack(a:default,b:default)', 'put-down(a:default)', 'pick-up(b:default)', 'stack(b:default,c:default)', 'pick-up(a:default)', 'stack(a:default,b:default)']","10","[]","0","18","28"
"instance-37","False","['unstack(b:default,d:default)', 'stack(b:default,c:default)', 'unstack(d:default,a:default)', 'put-down(d:default)', 'unstack(b:default,c:default)', 'stack(b:default,a:default)', 'pick-up(c:default)', 'stack(c:default,d:default)']","8","[]","0","23","38"
"instance-408","False","['unstack(b:default,d:default)', 'put-down(b:default)', 'unstack(d:default,a:default)', 'put-down(d:default)', 'unstack(a:default,c:default)', 'stack(a:default,b:default)', 'pick-up(c:default)', 'stack(c:default,d:default)', 'unstack(a:default,b:default)', 'stack(a:default,c:default)', 'pick-up(b:default)', 'stack(b:default,a:default)']","12","[]","0","29","47"
"instance-257","False","['unstack(a:default,c:default)', 'put-down(a:default)', 'unstack(b:default,d:default)', 'put-down(b:default)', 'pick-up(d:default)', 'stack(d:default,a:default)', 'pick-up(c:default)', 'stack(c:default,d:default)', 'pick-up(b:default)', 'stack(b:default,c:default)']","10","[]","0","19","27"
"instance-406","True","['unstack(c:default,b:default)', 'put-down(c:default)', 'unstack(b:default,a:default)', 'put-down(b:default)', 'unstack(a:default,d:default)', 'put-down(a:default)', 'pick-up(c:default)', 'stack(c:default,a:default)', 'pick-up(d:default)', 'stack(d:default,b:default)']","10","['unstack(c:default,b:default)', 'put-down(c:default)', 'unstack(b:default,a:default)', 'put-down(b:default)', 'unstack(a:default,d:default)', 'put-down(a:default)', 'pick-up(c:default)', 'stack(c:default,a:default)', 'pick-up(d:default)', 'stack(d:default,b:default)']","10","19","27"
"instance-39","False","['unstack(d:default,c:default)', 'put-down(d:default)', 'unstack(c:default,b:default)', 'put-down(c:default)', 'pick-up(a:default)', 'stack(a:default,b:default)', 'pick-up(d:default)', 'stack(d:default,a:default)', 'pick-up(c:default)', 'stack(c:default,d:default)']","10","[]","0","34","57"
"instance-91","True","['unstack(b:default,a:default)', 'put-down(b:default)', 'unstack(a:default,d:default)', 'stack(a:default,b:default)', 'unstack(d:default,c:default)', 'put-down(d:default)', 'unstack(a:default,b:default)', 'stack(a:default,d:default)', 'pick-up(c:default)', 'stack(c:default,b:default)']","10","['unstack(b:default,a:default)', 'put-down(b:default)', 'unstack(a:default,d:default)', 'put-down(a:default)', 'unstack(d:default,c:default)', 'put-down(d:default)', 'pick-up(a:default)', 'stack(a:default,d:default)', 'pick-up(c:default)', 'stack(c:default,b:default)']","10","20","28"
"instance-65","False","['unstack(b:default,d:default)', 'put-down(b:default)', 'unstack(d:default,a:default)', 'put-down(d:default)', 'pick-up(b:default)', 'stack(b:default,d:default)', 'unstack(a:default,c:default)', 'put-down(a:default)', 'pick-up(c:default)', 'stack(c:default,a:default)']","10","[]","0","8","12"
"instance-491","False","['unstack(a:default,e:default)', 'stack(a:default,b:default)', 'unstack(e:default,d:default)', 'put-down(e:default)', 'unstack(d:default,c:default)', 'put-down(d:default)', 'pick-up(c:default)', 'stack(c:default,a:default)', 'pick-up(e:default)', 'stack(e:default,c:default)', 'pick-up(d:default)', 'stack(d:default,e:default)']","12","[]","0","6","7"
"instance-465","False","['pick-up(c:default)', 'stack(c:default,e:default)', 'unstack(b:default,a:default)', 'put-down(b:default)', 'pick-up(a:default)', 'stack(a:default,c:default)', 'pick-up(d:default)', 'stack(d:default,b:default)']","8","[]","0","31","42"
"instance-62","False","['unstack(b:default,c:default)', 'put-down(b:default)', 'unstack(c:default,d:default)', 'put-down(c:default)', 'pick-up(d:default)', 'stack(d:default,c:default)', 'pick-up(a:default)', 'stack(a:default,d:default)', 'pick-up(b:default)', 'stack(b:default,a:default)']","10","[]","0","6","7"
"instance-96","True","['unstack(a:default,d:default)', 'put-down(a:default)', 'pick-up(d:default)', 'stack(d:default,a:default)', 'unstack(c:default,b:default)', 'put-down(c:default)', 'pick-up(b:default)', 'stack(b:default,d:default)']","8","['unstack(c:default,b:default)', 'put-down(c:default)', 'unstack(a:default,d:default)', 'put-down(a:default)', 'pick-up(d:default)', 'stack(d:default,a:default)', 'pick-up(b:default)', 'stack(b:default,d:default)']","8","18","27"
"instance-234","True","['unstack(a:default,d:default)', 'put-down(a:default)', 'unstack(d:default,b:default)', 'put-down(d:default)', 'pick-up(a:default)', 'stack(a:default,b:default)']","6","['unstack(a:default,d:default)', 'put-down(a:default)', 'unstack(d:default,b:default)', 'put-down(d:default)', 'unstack(b:default,c:default)', 'put-down(b:default)', 'pick-up(a:default)', 'stack(a:default,b:default)']","8","14","21"
"instance-496","False","['unstack(e:default,d:default)', 'put-down(e:default)', 'pick-up(c:default)', 'stack(c:default,e:default)', 'unstack(d:default,b:default)', 'stack(d:default,a:default)', 'pick-up(b:default)', 'stack(b:default,c:default)', 'unstack(d:default,a:default)', 'stack(d:default,b:default)']","10","[]","0","33","48"
"instance-54","False","['unstack(d:default,c:default)', 'put-down(d:default)', 'pick-up(c:default)', 'stack(c:default,b:default)', 'pick-up(a:default)', 'stack(a:default,c:default)', 'pick-up(d:default)', 'stack(d:default,a:default)']","8","[]","0","14","18"
"instance-98","True","['unstack(c:default,d:default)', 'stack(c:default,a:default)', 'pick-up(b:default)', 'stack(b:default,d:default)']","4","['unstack(c:default,d:default)', 'stack(c:default,a:default)', 'pick-up(b:default)', 'stack(b:default,d:default)']","4","11","14"
"instance-205","True","['unstack(a:default,c:default)', 'put-down(a:default)', 'unstack(c:default,d:default)', 'put-down(c:default)', 'unstack(d:default,b:default)', 'stack(d:default,c:default)', 'pick-up(b:default)', 'stack(b:default,a:default)']","8","['unstack(a:default,c:default)', 'put-down(a:default)', 'unstack(c:default,d:default)', 'put-down(c:default)', 'unstack(d:default,b:default)', 'stack(d:default,c:default)', 'pick-up(b:default)', 'stack(b:default,a:default)']","8","33","54"
"instance-6","False","['unstack(d:default,a:default)', 'put-down(d:default)', 'unstack(a:default,c:default)', 'stack(a:default,d:default)', 'unstack(c:default,b:default)', 'put-down(c:default)', 'unstack(a:default,d:default)', 'stack(a:default,b:default)', 'pick-up(d:default)', 'stack(d:default,c:default)']","10","[]","0","33","58"
"instance-251","False","['unstack(c:default,a:default)', 'put-down(c:default)', 'unstack(a:default,d:default)', 'put-down(a:default)', 'unstack(d:default,b:default)', 'put-down(d:default)', 'pick-up(a:default)', 'stack(a:default,b:default)', 'pick-up(c:default)', 'stack(c:default,a:default)', 'pick-up(d:default)', 'stack(d:default,c:default)']","12","[]","0","32","53"
"instance-38","True","['unstack(a:default,d:default)', 'put-down(a:default)', 'unstack(d:default,b:default)', 'put-down(d:default)', 'unstack(b:default,c:default)', 'put-down(b:default)', 'pick-up(a:default)', 'stack(a:default,b:default)', 'pick-up(c:default)', 'stack(c:default,a:default)']","10","['unstack(a:default,d:default)', 'put-down(a:default)', 'unstack(d:default,b:default)', 'put-down(d:default)', 'unstack(b:default,c:default)', 'stack(b:default,d:default)', 'pick-up(a:default)', 'stack(a:default,b:default)', 'pick-up(c:default)', 'stack(c:default,a:default)']","10","23","33"
"3_instance-55","False","['unstack(a:default,c:default)', 'put-down(a:default)', 'pick-up(c:default)', 'stack(c:default,b:default)']","4","[]","0","4","5"
"instance-438","False","['unstack(b:default,c:default)', 'put-down(b:default)', 'unstack(c:default,a:default)', 'stack(c:default,b:default)', 'pick-up(a:default)', 'stack(a:default,c:default)']","6","[]","0","6","7"
"instance-256","False","['unstack(a:default,b:default)', 'put-down(a:default)', 'unstack(c:default,d:default)', 'stack(c:default,a:default)', 'pick-up(d:default)', 'stack(d:default,c:default)', 'pick-up(b:default)', 'stack(b:default,d:default)']","8","[]","0","38","64"
"instance-269","False","['unstack(d:default,a:default)', 'put-down(d:default)', 'unstack(a:default,b:default)', 'put-down(a:default)', 'pick-up(c:default)', 'stack(c:default,b:default)', 'pick-up(d:default)', 'stack(d:default,c:default)', 'pick-up(a:default)', 'stack(a:default,d:default)']","10","[]","0","6","7"
"instance-294","True","['unstack(c:default,d:default)', 'put-down(c:default)', 'unstack(d:default,a:default)', 'put-down(d:default)', 'unstack(a:default,b:default)', 'put-down(a:default)', 'pick-up(c:default)', 'stack(c:default,a:default)', 'pick-up(b:default)', 'stack(b:default,c:default)']","10","['unstack(c:default,d:default)', 'put-down(c:default)', 'unstack(d:default,a:default)', 'put-down(d:default)', 'unstack(a:default,b:default)', 'put-down(a:default)', 'pick-up(b:default)', 'stack(b:default,d:default)', 'pick-up(c:default)', 'stack(c:default,a:default)', 'unstack(b:default,d:default)', 'stack(b:default,c:default)']","12","34","57"
"instance-36","True","['unstack(b:default,d:default)', 'stack(b:default,a:default)', 'unstack(d:default,c:default)', 'put-down(d:default)', 'pick-up(c:default)', 'stack(c:default,b:default)']","6","['unstack(b:default,d:default)', 'stack(b:default,a:default)', 'unstack(d:default,c:default)', 'put-down(d:default)', 'pick-up(c:default)', 'stack(c:default,b:default)']","6","13","19"
"instance-409","True","['unstack(d:default,c:default)', 'put-down(d:default)', 'pick-up(c:default)', 'stack(c:default,d:default)', 'unstack(b:default,a:default)', 'stack(b:default,c:default)', 'pick-up(a:default)', 'stack(a:default,b:default)']","8","['unstack(d:default,c:default)', 'put-down(d:default)', 'pick-up(c:default)', 'stack(c:default,d:default)', 'unstack(b:default,a:default)', 'stack(b:default,c:default)', 'pick-up(a:default)', 'stack(a:default,b:default)']","8","28","48"
"instance-8","False","['unstack(b:default,c:default)', 'stack(b:default,a:default)', 'pick-up(d:default)', 'stack(d:default,c:default)', 'unstack(b:default,a:default)', 'stack(b:default,d:default)', 'pick-up(a:default)', 'stack(a:default,b:default)']","8","[]","0","29","47"
"3_instance-64","True","['unstack(a:default,c:default)', 'put-down(a:default)', 'pick-up(c:default)', 'stack(c:default,a:default)', 'pick-up(b:default)', 'stack(b:default,c:default)']","6","['unstack(a:default,c:default)', 'put-down(a:default)', 'pick-up(c:default)', 'stack(c:default,a:default)', 'pick-up(b:default)', 'stack(b:default,c:default)']","6","13","18"
"instance-293","True","['unstack(b:default,d:default)', 'put-down(b:default)', 'unstack(d:default,c:default)', 'stack(d:default,b:default)', 'unstack(c:default,a:default)', 'stack(c:default,d:default)']","6","['unstack(b:default,d:default)', 'put-down(b:default)', 'unstack(d:default,c:default)', 'stack(d:default,b:default)', 'unstack(c:default,a:default)', 'stack(c:default,d:default)']","6","10","13"
"instance-267","False","['unstack(d:default,a:default)', 'put-down(d:default)', 'unstack(a:default,b:default)', 'put-down(a:default)', 'unstack(b:default,c:default)', 'put-down(b:default)', 'pick-up(d:default)', 'stack(d:default,c:default)', 'pick-up(a:default)', 'stack(a:default,d:default)', 'pick-up(b:default)', 'stack(b:default,a:default)']","12","[]","0","13","20"
"instance-431","True","['unstack(b:default,d:default)', 'put-down(b:default)', 'pick-up(d:default)', 'stack(d:default,b:default)']","4","['unstack(b:default,d:default)', 'put-down(b:default)', 'pick-up(d:default)', 'stack(d:default,b:default)']","4","10","13"
"3_instance-63","True","['unstack(b:default,a:default)', 'put-down(b:default)', 'pick-up(c:default)', 'stack(c:default,b:default)', 'pick-up(a:default)', 'stack(a:default,c:default)']","6","['unstack(b:default,a:default)', 'put-down(b:default)', 'pick-up(c:default)', 'stack(c:default,b:default)', 'pick-up(a:default)', 'stack(a:default,c:default)']","6","14","23"
"3_instance-97","True","['unstack(c:default,b:default)', 'put-down(c:default)', 'unstack(b:default,a:default)', 'put-down(b:default)', 'pick-up(c:default)', 'stack(c:default,a:default)']","6","['unstack(c:default,b:default)', 'put-down(c:default)', 'unstack(b:default,a:default)', 'put-down(b:default)', 'pick-up(c:default)', 'stack(c:default,a:default)']","6","9","13"
"instance-258","False","['unstack(d:default,a:default)', 'stack(d:default,b:default)', 'unstack(a:default,c:default)', 'put-down(a:default)', 'unstack(d:default,b:default)', 'stack(d:default,a:default)', 'pick-up(c:default)', 'stack(c:default,d:default)']","8","[]","0","5","7"
"instance-31","False","['unstack(b:default,d:default)', 'stack(b:default,a:default)']","2","[]","0","30","49"
"instance-118","True","['unstack(d:default,b:default)', 'put-down(d:default)', 'unstack(b:default,c:default)', 'stack(b:default,d:default)', 'unstack(c:default,a:default)', 'stack(c:default,b:default)']","6","['unstack(d:default,b:default)', 'put-down(d:default)', 'unstack(b:default,c:default)', 'stack(b:default,d:default)', 'unstack(c:default,a:default)', 'stack(c:default,b:default)']","6","10","14"
"instance-315","False","['unstack(a:default,c:default)', 'put-down(a:default)', 'unstack(d:default,b:default)', 'stack(d:default,c:default)', 'pick-up(b:default)', 'stack(b:default,d:default)']","6","[]","0","13","21"
"instance-116","False","['unstack(c:default,a:default)', 'put-down(c:default)', 'pick-up(d:default)', 'stack(d:default,c:default)', 'unstack(a:default,b:default)', 'put-down(a:default)', 'pick-up(b:default)', 'stack(b:default,d:default)', 'pick-up(a:default)', 'stack(a:default,b:default)']","10","[]","0","38","59"
"instance-324","True","['pick-up(a:default)', 'stack(a:default,d:default)', 'pick-up(c:default)', 'stack(c:default,a:default)']","4","['pick-up(a:default)', 'stack(a:default,d:default)', 'pick-up(c:default)', 'stack(c:default,a:default)']","4","9","13"
"instance-323","False","['unstack(b:default,c:default)', 'put-down(b:default)', 'unstack(c:default,d:default)', 'put-down(c:default)', 'unstack(d:default,a:default)', 'put-down(d:default)', 'pick-up(b:default)', 'stack(b:default,d:default)', 'pick-up(c:default)', 'stack(c:default,b:default)', 'pick-up(a:default)', 'stack(a:default,c:default)']","12","[]","0","18","30"
"instance-111","False","['unstack(c:default,a:default)', 'put-down(c:default)', 'unstack(a:default,b:default)', 'put-down(a:default)', 'unstack(b:default,d:default)', 'put-down(b:default)', 'pick-up(c:default)', 'stack(c:default,b:default)', 'pick-up(a:default)', 'stack(a:default,c:default)', 'pick-up(d:default)', 'stack(d:default,a:default)']","12","[]","0","34","57"
"instance-145","False","['unstack(c:default,a:default)', 'stack(c:default,b:default)', 'unstack(a:default,d:default)', 'put-down(a:default)', 'unstack(c:default,b:default)', 'stack(c:default,d:default)', 'pick-up(a:default)', 'stack(a:default,c:default)', 'pick-up(b:default)', 'stack(b:default,a:default)']","10","[]","0","5","6"
"instance-383","False","['unstack(a:default,b:default)', 'stack(a:default,d:default)', 'unstack(b:default,c:default)', 'put-down(b:default)', 'pick-up(c:default)', 'stack(c:default,b:default)', 'unstack(a:default,d:default)', 'stack(a:default,c:default)']","8","[]","0","5","6"
"instance-348","True","['unstack(c:default,d:default)', 'put-down(c:default)', 'pick-up(a:default)', 'stack(a:default,d:default)', 'pick-up(c:default)', 'stack(c:default,a:default)']","6","['unstack(c:default,d:default)', 'put-down(c:default)', 'unstack(d:default,b:default)', 'put-down(d:default)', 'pick-up(a:default)', 'stack(a:default,d:default)', 'pick-up(c:default)', 'stack(c:default,a:default)']","8","21","28"
"instance-384","False","['unstack(d:default,b:default)', 'stack(d:default,a:default)', 'pick-up(c:default)', 'stack(c:default,b:default)', 'unstack(d:default,a:default)', 'stack(d:default,c:default)', 'pick-up(a:default)', 'stack(a:default,d:default)']","8","[]","0","19","30"
"instance-142","True","['pick-up(a:default)', 'stack(a:default,d:default)']","2","['pick-up(a:default)', 'stack(a:default,d:default)']","2","5","6"
"instance-189","False","['unstack(c:default,b:default)', 'put-down(c:default)', 'unstack(b:default,a:default)', 'stack(b:default,c:default)', 'unstack(a:default,d:default)', 'put-down(a:default)', 'unstack(b:default,c:default)', 'stack(b:default,d:default)', 'pick-up(c:default)', 'stack(c:default,a:default)']","10","[]","0","27","43"
"instance-187","False","['unstack(b:default,d:default)', 'put-down(b:default)', 'pick-up(d:default)', 'stack(d:default,a:default)', 'pick-up(c:default)', 'stack(c:default,d:default)', 'pick-up(b:default)', 'stack(b:default,c:default)']","8","[]","0","22","35"
"instance-322","True","['unstack(d:default,b:default)', 'stack(d:default,c:default)', 'unstack(b:default,a:default)', 'put-down(b:default)', 'pick-up(a:default)', 'stack(a:default,b:default)']","6","['unstack(d:default,b:default)', 'stack(d:default,c:default)', 'unstack(b:default,a:default)', 'put-down(b:default)', 'pick-up(a:default)', 'stack(a:default,b:default)']","6","12","17"
"instance-128","False","['unstack(d:default,c:default)', 'put-down(d:default)', 'unstack(a:default,b:default)', 'stack(a:default,d:default)', 'pick-up(c:default)', 'stack(c:default,a:default)', 'pick-up(b:default)', 'stack(b:default,c:default)']","8","[]","0","30","51"
"instance-325","False","['unstack(b:default,c:default)', 'put-down(b:default)', 'unstack(c:default,a:default)', 'put-down(c:default)', 'unstack(a:default,d:default)', 'stack(a:default,b:default)', 'pick-up(d:default)', 'stack(d:default,a:default)', 'pick-up(c:default)', 'stack(c:default,d:default)']","10","[]","0","21","33"
"instance-313","True","['pick-up(a:default)', 'stack(a:default,b:default)', 'unstack(d:default,c:default)', 'put-down(d:default)', 'pick-up(c:default)', 'stack(c:default,a:default)']","6","['unstack(d:default,c:default)', 'put-down(d:default)', 'pick-up(c:default)', 'stack(c:default,d:default)', 'pick-up(a:default)', 'stack(a:default,b:default)', 'unstack(c:default,d:default)', 'stack(c:default,a:default)']","8","25","38"
"instance-314","False","['unstack(a:default,d:default)', 'put-down(a:default)', 'unstack(d:default,b:default)', 'put-down(d:default)', 'unstack(b:default,c:default)', 'put-down(b:default)', 'pick-up(c:default)', 'stack(c:default,a:default)', 'pick-up(d:default)', 'stack(d:default,c:default)', 'pick-up(b:default)', 'stack(b:default,d:default)']","12","[]","0","38","60"
"instance-340","False","['unstack(d:default,c:default)', 'put-down(d:default)', 'unstack(c:default,b:default)', 'stack(c:default,d:default)', 'unstack(b:default,a:default)', 'put-down(b:default)', 'pick-up(a:default)', 'stack(a:default,c:default)']","8","[]","0","18","28"
"instance-378","True","['unstack(a:default,c:default)', 'stack(a:default,d:default)']","2","['unstack(a:default,c:default)', 'stack(a:default,d:default)']","2","6","6"
"instance-385","False","['unstack(d:default,c:default)', 'put-down(d:default)', 'unstack(c:default,b:default)', 'stack(c:default,d:default)', 'pick-up(a:default)', 'stack(a:default,c:default)']","6","[]","0","5","7"
"instance-144","True","['unstack(a:default,b:default)', 'put-down(a:default)', 'unstack(b:default,d:default)', 'put-down(b:default)', 'unstack(d:default,c:default)', 'put-down(d:default)', 'pick-up(c:default)', 'stack(c:default,b:default)']","8","['unstack(a:default,b:default)', 'put-down(a:default)', 'unstack(b:default,d:default)', 'put-down(b:default)', 'unstack(d:default,c:default)', 'stack(d:default,a:default)', 'pick-up(c:default)', 'stack(c:default,b:default)']","8","14","19"
